title,price,reviews,link,image_url,creation_timestamp,scrape_date
N/A,$10.31,"11,988",N/A,https://m.media-amazon.com/images/I/61FBgf4HleL._AC_UY218_.jpg,2024-12-24T23:07:51.613291,2024-12-24
N/A,$39.99,"9,881",N/A,https://m.media-amazon.com/images/I/71r8yUTZQnL._AC_UY218_.jpg,2024-12-24T23:07:51.620290,2024-12-24
N/A,$26.99,"34,050",N/A,https://m.media-amazon.com/images/I/71F2ccIPPLL._AC_UY218_.jpg,2024-12-24T23:07:51.637290,2024-12-24
N/A,$39.99,"9,881",N/A,https://m.media-amazon.com/images/I/71r8yUTZQnL._AC_UL320_.jpg,2024-12-24T23:07:51.663287,2024-12-24
N/A,$39.99,"9,881",N/A,https://m.media-amazon.com/images/I/71r8yUTZQnL._AC_UL320_.jpg,2024-12-24T23:07:51.668287,2024-12-24
N/A,$32.99,"3,833",N/A,https://m.media-amazon.com/images/I/714SLdK9+LL._AC_UL320_.jpg,2024-12-24T23:07:51.672289,2024-12-24
N/A,$29.99,833,N/A,https://m.media-amazon.com/images/I/81BlWYfmKQL._AC_UL320_.jpg,2024-12-24T23:07:51.679287,2024-12-24
N/A,$18.99,"1,904",N/A,https://m.media-amazon.com/images/I/61y8xIywvgL._AC_UL320_.jpg,2024-12-24T23:07:51.683287,2024-12-24
N/A,$27.99,"5,427",N/A,https://m.media-amazon.com/images/I/61hJ1tbSV2L._AC_UL320_.jpg,2024-12-24T23:07:51.690290,2024-12-24
N/A,$25.49,524,N/A,https://m.media-amazon.com/images/I/712wyKsNmML._AC_UY218_.jpg,2024-12-24T23:07:51.699323,2024-12-24
N/A,$198.00,"58,566",N/A,https://m.media-amazon.com/images/I/61vIICn1JOL._AC_UY218_.jpg,2024-12-24T23:07:51.736289,2024-12-24
N/A,$59.79,27,N/A,https://m.media-amazon.com/images/I/711AxytjHEL._AC_UY218_.jpg,2024-12-24T23:07:51.741291,2024-12-24
N/A,$26.99,"25,340",N/A,https://m.media-amazon.com/images/I/71Hx8b6HGbL._AC_UY218_.jpg,2024-12-24T23:07:51.749291,2024-12-24
N/A,$21.99,"3,270",N/A,https://m.media-amazon.com/images/I/714leNyXHIL._AC_UY218_.jpg,2024-12-24T23:07:51.761292,2024-12-24
N/A,$19.99,94,N/A,https://m.media-amazon.com/images/I/6105U3EuwTL._AC_UY218_.jpg,2024-12-24T23:07:51.773290,2024-12-24
N/A,$18.99,"1,904",N/A,https://m.media-amazon.com/images/I/61y8xIywvgL._AC_UY218_.jpg,2024-12-24T23:07:51.789287,2024-12-24
N/A,$19.99,"9,764",N/A,https://m.media-amazon.com/images/I/615cZQXmKoL._AC_UY218_.jpg,2024-12-24T23:07:51.805323,2024-12-24
N/A,$26.99,"1,450",N/A,https://m.media-amazon.com/images/I/817YA1ejTtL._AC_UY218_.jpg,2024-12-24T23:07:51.824291,2024-12-24
N/A,$25.99,"54,955",N/A,https://m.media-amazon.com/images/I/71GPFE2yHGL._AC_UY218_.jpg,2024-12-24T23:08:04.375703,2024-12-24
N/A,$89.99,677,N/A,https://m.media-amazon.com/images/I/51DVRh3mmWL._AC_UY218_.jpg,2024-12-24T23:08:04.386700,2024-12-24
N/A,$19.99,"89,168",N/A,https://m.media-amazon.com/images/I/71sC0jgslbL._AC_UY218_.jpg,2024-12-24T23:08:04.404701,2024-12-24
N/A,$69.99,"14,170",N/A,https://m.media-amazon.com/images/I/71mTfSKhhTL._AC_UY218_.jpg,2024-12-24T23:08:04.415708,2024-12-24
N/A,$46.99,"14,275",N/A,https://m.media-amazon.com/images/I/716ptOGRg9L._AC_UY218_.jpg,2024-12-24T23:08:04.427703,2024-12-24
N/A,$349.99,58,N/A,https://m.media-amazon.com/images/I/81M31hLf2NL._AC_UY218_.jpg,2024-12-24T23:08:04.432700,2024-12-24
N/A,$79.95,"2,951",N/A,https://m.media-amazon.com/images/I/619Hj1lDwML._AC_UY218_.jpg,2024-12-24T23:08:04.440704,2024-12-24
N/A,$44.99,"15,237",N/A,https://m.media-amazon.com/images/I/71lPvenXPLL._AC_UY218_.jpg,2024-12-24T23:08:04.446701,2024-12-24
N/A,$29.99,"13,840",N/A,https://m.media-amazon.com/images/I/61HyQ94QVGL._AC_UY218_.jpg,2024-12-24T23:08:04.456703,2024-12-24
N/A,$99.99,"12,941",N/A,https://m.media-amazon.com/images/I/51J3ZEyXa2L._AC_UY218_.jpg,2024-12-24T23:08:04.461700,2024-12-24
N/A,$49.00,"23,938",N/A,https://m.media-amazon.com/images/I/61AOWofRvnL._AC_UY218_.jpg,2024-12-24T23:08:04.465702,2024-12-24
N/A,$99.95,"9,234",N/A,https://m.media-amazon.com/images/I/71CsuhjpXhS._AC_UY218_.jpg,2024-12-24T23:08:04.469701,2024-12-24
N/A,$99.95,"6,620",N/A,https://m.media-amazon.com/images/I/71z97HfSZxS._AC_UY218_.jpg,2024-12-24T23:08:04.475702,2024-12-24
N/A,$85.90,"12,058",N/A,https://m.media-amazon.com/images/I/61+XjHbWrZL._AC_UY218_.jpg,2024-12-24T23:08:04.482703,2024-12-24
N/A,$18.99,"1,904",N/A,https://m.media-amazon.com/images/I/61y8xIywvgL._AC_UY218_.jpg,2024-12-24T23:08:11.757210,2024-12-24
N/A,$59.79,27,N/A,https://m.media-amazon.com/images/I/711AxytjHEL._AC_UY218_.jpg,2024-12-24T23:08:11.762210,2024-12-24
N/A,$32.99,"3,833",N/A,https://m.media-amazon.com/images/I/714SLdK9+LL._AC_UY218_.jpg,2024-12-24T23:08:11.768214,2024-12-24
N/A,$49.99,"17,200",N/A,https://m.media-amazon.com/images/I/6181wRqDwUL._AC_UY218_.jpg,2024-12-24T23:08:11.773245,2024-12-24
N/A,$18.99,"1,904",N/A,https://m.media-amazon.com/images/I/61y8xIywvgL._AC_UL320_.jpg,2024-12-24T23:08:11.802244,2024-12-24
N/A,$18.99,"1,904",N/A,https://m.media-amazon.com/images/I/61y8xIywvgL._AC_UL320_.jpg,2024-12-24T23:08:11.806251,2024-12-24
N/A,$39.99,"9,881",N/A,https://m.media-amazon.com/images/I/71r8yUTZQnL._AC_UL320_.jpg,2024-12-24T23:08:11.810253,2024-12-24
N/A,$89.99,146,N/A,https://m.media-amazon.com/images/I/71yzt6KqP4L._AC_UL320_.jpg,2024-12-24T23:08:11.814253,2024-12-24
N/A,$29.99,833,N/A,https://m.media-amazon.com/images/I/81BlWYfmKQL._AC_UL320_.jpg,2024-12-24T23:08:11.826243,2024-12-24
N/A,$13.49,"9,004",N/A,https://m.media-amazon.com/images/I/81FyJL0c+RL._AC_UL320_.jpg,2024-12-24T23:08:11.831214,2024-12-24
N/A,$76.43,199,N/A,https://m.media-amazon.com/images/I/61bMFOLZnuL._AC_UY218_.jpg,2024-12-24T23:08:11.851213,2024-12-24
N/A,$104.70,"1,218",N/A,https://m.media-amazon.com/images/I/51bY832NkkL._AC_UY218_.jpg,2024-12-24T23:08:11.856213,2024-12-24
N/A,$64.99,"1,685",N/A,https://m.media-amazon.com/images/I/71+nxanQRpL._AC_UY218_.jpg,2024-12-24T23:08:11.866233,2024-12-24
N/A,$26.90,"224,408",N/A,https://m.media-amazon.com/images/I/71cVOgvystL._AC_UY218_.jpg,2024-12-24T23:08:11.878245,2024-12-24
N/A,$22.94,772,N/A,https://m.media-amazon.com/images/I/81k1BnToaFL._AC_UY218_.jpg,2024-12-24T23:08:11.887212,2024-12-24
N/A,$47.99,42,N/A,https://m.media-amazon.com/images/I/51dQexLxQBL._AC_UY218_.jpg,2024-12-24T23:08:11.906211,2024-12-24
N/A,$9.49,"4,430",N/A,https://m.media-amazon.com/images/I/713Ivks+PHL._AC_UY218_.jpg,2024-12-24T23:08:11.934213,2024-12-24
N/A,$26.99,"80,948",N/A,https://m.media-amazon.com/images/I/51eAhFCg5mL._AC_UY218_.jpg,2024-12-24T23:08:11.947213,2024-12-24
N/A,$19.99,"7,170",N/A,https://m.media-amazon.com/images/I/61sCTD4mC2L._AC_UY218_.jpg,2024-12-24T23:08:11.961249,2024-12-24
N/A,$29.99,"4,172",N/A,https://m.media-amazon.com/images/I/71SEu0Uv0iL._AC_UY218_.jpg,2024-12-24T23:08:11.968246,2024-12-24
N/A,$25.97,108,N/A,https://m.media-amazon.com/images/I/514R45NuUxL._AC_UY218_.jpg,2024-12-24T23:08:11.971248,2024-12-24
N/A,$15.99,"10,494",N/A,https://m.media-amazon.com/images/I/61z-rTknwVS._AC_UY218_.jpg,2024-12-24T23:08:11.981210,2024-12-24
N/A,$88.00,"8,333",N/A,https://m.media-amazon.com/images/I/31oAniReIAL._AC_UY218_.jpg,2024-12-24T23:08:11.986209,2024-12-24
N/A,$26.79,595,N/A,https://m.media-amazon.com/images/I/71aX4h-61gL._AC_UY218_.jpg,2024-12-24T23:08:11.994212,2024-12-24
N/A,$99.13,N/A,N/A,https://m.media-amazon.com/images/I/516qrSVkTlL._AC_UY218_.jpg,2024-12-24T23:08:12.003211,2024-12-24
N/A,$29.99,833,N/A,https://m.media-amazon.com/images/I/81BlWYfmKQL._AC_UL640_QL65_.jpg,2024-12-24T23:08:12.009210,2024-12-24
N/A,$39.99,32,N/A,https://m.media-amazon.com/images/I/515cfOcCNyL._AC_UY218_.jpg,2024-12-24T23:08:18.239150,2024-12-24
N/A,$245.00,139,N/A,https://m.media-amazon.com/images/I/71IZFZGzOzL._AC_UY218_.jpg,2024-12-24T23:08:18.275150,2024-12-24
N/A,$59.99,5,N/A,https://m.media-amazon.com/images/I/71tSG64ezSL._AC_UY218_.jpg,2024-12-24T23:08:18.281154,2024-12-24
N/A,$249.99,2 sizes,N/A,https://m.media-amazon.com/images/I/61aWtezBYlL._AC_UY218_.jpg,2024-12-24T23:08:27.917123,2024-12-24
N/A,$99.99,178,N/A,https://m.media-amazon.com/images/I/711mfMxPxXL._AC_UY218_.jpg,2024-12-24T23:08:27.967160,2024-12-24
N/A,$67.88,396,N/A,https://m.media-amazon.com/images/I/51aGOonIzSS._AC_UY218_.jpg,2024-12-24T23:08:27.986120,2024-12-24
N/A,$287.49,124,N/A,https://m.media-amazon.com/images/I/51w130WJUYL._AC_UY218_.jpg,2024-12-24T23:08:27.990162,2024-12-24
N/A,$20.89,207,N/A,https://m.media-amazon.com/images/I/61wiBVYMLbL._AC_UY218_.jpg,2024-12-24T23:08:36.796571,2024-12-24
N/A,$27.99,34,N/A,https://m.media-amazon.com/images/I/71H-jt44r8L._AC_UY218_.jpg,2024-12-24T23:08:36.800566,2024-12-24
N/A,$142.95,3,N/A,https://m.media-amazon.com/images/I/71FW3VKwpGL._AC_UY218_.jpg,2024-12-24T23:08:36.804606,2024-12-24
N/A,$9.48,"2,720",N/A,https://m.media-amazon.com/images/I/81Tvpafsl5L._AC_UY218_.jpg,2024-12-24T23:08:36.808568,2024-12-24
N/A,$69.00,56,N/A,https://m.media-amazon.com/images/I/41Xy9O1ey3L._AC_UY218_.jpg,2024-12-24T23:08:36.812602,2024-12-24
N/A,$59.99,13,N/A,https://m.media-amazon.com/images/I/71k-CeLKw+L._AC_UY218_.jpg,2024-12-24T23:08:36.816608,2024-12-24
N/A,$69.00,"6,726",N/A,https://m.media-amazon.com/images/I/615ymMYrdtL._AC_UY218_.jpg,2024-12-24T23:08:36.822605,2024-12-24
N/A,$28.99,1,N/A,https://m.media-amazon.com/images/I/71xpDKMtT2L._AC_UY218_.jpg,2024-12-24T23:08:36.826602,2024-12-24
N/A,$49.99,3,N/A,https://m.media-amazon.com/images/I/71Z75zYLzTL._AC_UY218_.jpg,2024-12-24T23:08:36.830569,2024-12-24
N/A,$29.99,11,N/A,https://m.media-amazon.com/images/I/711jgNYSjWL._AC_UY218_.jpg,2024-12-24T23:08:36.834604,2024-12-24
N/A,$158.95,878,N/A,https://m.media-amazon.com/images/I/5147rnwUvPL._AC_UY218_.jpg,2024-12-24T23:08:36.838604,2024-12-24
N/A,$64.13,9,N/A,https://m.media-amazon.com/images/I/51N9VLrwucL._AC_UY218_.jpg,2024-12-24T23:08:36.842604,2024-12-24
N/A,$39.99,12,N/A,https://m.media-amazon.com/images/I/71Edjpg8JVL._AC_UY218_.jpg,2024-12-24T23:08:36.845614,2024-12-24
N/A,$29.99,"129,702",N/A,https://m.media-amazon.com/images/I/71-eU+OIacL._AC_UY218_.jpg,2024-12-24T23:08:36.854570,2024-12-24
N/A,$16.69,29,N/A,https://m.media-amazon.com/images/I/81Uah1H0PcL._AC_UY218_.jpg,2024-12-24T23:08:36.858566,2024-12-24
N/A,$139.95,N/A,N/A,https://m.media-amazon.com/images/I/7192Jk+ihuL._AC_UY218_.jpg,2024-12-24T23:08:36.862566,2024-12-24
N/A,$227.96,199,N/A,https://m.media-amazon.com/images/I/71gozZHWarL._AC_UY218_.jpg,2024-12-24T23:08:42.641082,2024-12-24
N/A,$79.97,3,N/A,https://m.media-amazon.com/images/I/714dkcY2OBL._AC_UY218_.jpg,2024-12-24T23:08:42.649081,2024-12-24
N/A,$685.00,2 capacities,N/A,https://m.media-amazon.com/images/I/818WO3r8jhL._AC_UY218_.jpg,2024-12-24T23:08:42.685078,2024-12-24
N/A,$269.00,261,N/A,https://m.media-amazon.com/images/I/71FuBQEb08L._AC_UY218_.jpg,2024-12-24T23:08:42.689078,2024-12-24
N/A,$189.00,8,N/A,https://m.media-amazon.com/images/I/71wc30QBUDL._AC_UY218_.jpg,2024-12-24T23:08:42.693079,2024-12-24
N/A,$329.00,5,N/A,https://m.media-amazon.com/images/I/71LgbKfJisL._AC_UY218_.jpg,2024-12-24T23:08:42.699081,2024-12-24
N/A,$899.99,171,N/A,https://m.media-amazon.com/images/I/61cVvg6zcWL._AC_UY218_.jpg,2024-12-24T23:08:42.711081,2024-12-24
N/A,"$1,449.99",2 capacities,N/A,https://m.media-amazon.com/images/I/6131ZgIFn1L._AC_UY218_.jpg,2024-12-24T23:08:42.722079,2024-12-24
N/A,$349.99,270,N/A,https://m.media-amazon.com/images/I/61VJpioT7SL._AC_UY218_.jpg,2024-12-24T23:08:42.735082,2024-12-24
N/A,$89.99,2,N/A,https://m.media-amazon.com/images/I/711RfVN-QEL._AC_UY218_.jpg,2024-12-24T23:08:42.740081,2024-12-24
N/A,$38.99,84,N/A,https://m.media-amazon.com/images/I/71ZxasnVmLL._AC_UY218_.jpg,2024-12-24T23:08:42.747079,2024-12-24
N/A,$89.99,2,N/A,https://m.media-amazon.com/images/I/711RfVN-QEL._AC_UY218_.jpg,2024-12-24T23:08:47.594621,2024-12-24
N/A,$38.99,84,N/A,https://m.media-amazon.com/images/I/71ZxasnVmLL._AC_UY218_.jpg,2024-12-24T23:08:47.599620,2024-12-24
N/A,$324.99,3,N/A,https://m.media-amazon.com/images/I/71LqNeDQq4L._AC_UY218_.jpg,2024-12-24T23:08:47.605620,2024-12-24
N/A,$389.99,43,N/A,https://m.media-amazon.com/images/I/81paMeTLvRL._AC_UL320_.jpg,2024-12-24T23:08:47.624627,2024-12-24
N/A,$389.99,43,N/A,https://m.media-amazon.com/images/I/81paMeTLvRL._AC_UL320_.jpg,2024-12-24T23:08:47.631618,2024-12-24
N/A,$389.99,23,N/A,https://m.media-amazon.com/images/I/81f6wI3M5FL._AC_UL320_.jpg,2024-12-24T23:08:47.635618,2024-12-24
N/A,$269.00,261,N/A,https://m.media-amazon.com/images/I/71FuBQEb08L._AC_UL320_.jpg,2024-12-24T23:08:47.640621,2024-12-24
N/A,"$1,449.99",131,N/A,https://m.media-amazon.com/images/I/6131ZgIFn1L._AC_UL320_.jpg,2024-12-24T23:08:47.646618,2024-12-24
N/A,"$1,449.99",2 capacities,N/A,https://m.media-amazon.com/images/I/6131ZgIFn1L._AC_UY218_.jpg,2024-12-24T23:08:47.674621,2024-12-24
N/A,$389.99,3 capacities,N/A,https://m.media-amazon.com/images/I/81paMeTLvRL._AC_UY218_.jpg,2024-12-24T23:08:47.680660,2024-12-24
N/A,$35.99,34,N/A,https://m.media-amazon.com/images/I/51RYJrsBaWL._AC_UY218_.jpg,2024-12-24T23:08:47.718648,2024-12-24
N/A,$55.99,1,N/A,https://m.media-amazon.com/images/I/6194czTiTQL._AC_UY218_.jpg,2024-12-24T23:08:47.723658,2024-12-24
N/A,$7.99,N/A,N/A,https://m.media-amazon.com/images/I/71b+D8rf6JL._AC_UY218_.jpg,2024-12-24T23:08:51.839121,2024-12-24
N/A,$89.99,2,N/A,https://m.media-amazon.com/images/I/711RfVN-QEL._AC_UY218_.jpg,2024-12-24T23:08:51.845124,2024-12-24
N/A,$369.99,20,N/A,https://m.media-amazon.com/images/I/61vaWSi-b1L._AC_UY218_.jpg,2024-12-24T23:08:51.851121,2024-12-24
N/A,$139.99,287,N/A,https://m.media-amazon.com/images/I/714xZQVzHNL._AC_UL640_QL65_.jpg,2024-12-24T23:08:51.865153,2024-12-24
N/A,$389.99,43,N/A,https://m.media-amazon.com/images/I/81paMeTLvRL._AC_UL320_.jpg,2024-12-24T23:08:51.880121,2024-12-24
N/A,$389.99,43,N/A,https://m.media-amazon.com/images/I/81paMeTLvRL._AC_UL320_.jpg,2024-12-24T23:08:51.885121,2024-12-24
N/A,$389.99,23,N/A,https://m.media-amazon.com/images/I/81f6wI3M5FL._AC_UL320_.jpg,2024-12-24T23:08:51.892122,2024-12-24
N/A,"$1,449.99",131,N/A,https://m.media-amazon.com/images/I/6131ZgIFn1L._AC_UL320_.jpg,2024-12-24T23:08:51.896121,2024-12-24
N/A,$269.00,261,N/A,https://m.media-amazon.com/images/I/71FuBQEb08L._AC_UL320_.jpg,2024-12-24T23:08:51.902121,2024-12-24
N/A,$394.49,N/A,N/A,https://m.media-amazon.com/images/I/51P7f4JtKXL._AC_UY218_.jpg,2024-12-24T23:08:51.911122,2024-12-24
N/A,$469.90,5 capacities,N/A,https://m.media-amazon.com/images/I/91PRU+C7nVL._AC_UY218_.jpg,2024-12-24T23:08:51.945125,2024-12-24
N/A,$390.00,6 capacities,N/A,https://m.media-amazon.com/images/I/61eFMUYS+HL._AC_UY218_.jpg,2024-12-24T23:08:51.961122,2024-12-24
N/A,$389.99,3 capacities,N/A,https://m.media-amazon.com/images/I/81paMeTLvRL._AC_UY218_.jpg,2024-12-24T23:08:51.980119,2024-12-24
N/A,"$1,449.99",2 capacities,N/A,https://m.media-amazon.com/images/I/6131ZgIFn1L._AC_UY218_.jpg,2024-12-24T23:08:51.990794,2024-12-24
N/A,$469.99,3 capacities,N/A,https://m.media-amazon.com/images/I/81qAOIM5c0L._AC_UY218_.jpg,2024-12-24T23:08:51.998685,2024-12-24
N/A,$238.00,45,N/A,https://m.media-amazon.com/images/I/61VB2PmdhmL._AC_UY218_.jpg,2024-12-24T23:08:52.006086,2024-12-24
N/A,$389.99,23,N/A,https://m.media-amazon.com/images/I/915oOrkkkCL._AC_UY218_.jpg,2024-12-24T23:08:52.020430,2024-12-24
N/A,"$1,099.99",3 capacities,N/A,https://m.media-amazon.com/images/I/71oOu3PIrCL._AC_UY218_.jpg,2024-12-24T23:08:52.031288,2024-12-24
N/A,$38.99,84,N/A,https://m.media-amazon.com/images/I/71ZxasnVmLL._AC_UY218_.jpg,2024-12-24T23:08:52.044288,2024-12-24
N/A,$55.99,1,N/A,https://m.media-amazon.com/images/I/6194czTiTQL._AC_UY218_.jpg,2024-12-24T23:08:52.056290,2024-12-24
N/A,$7.99,N/A,N/A,https://m.media-amazon.com/images/I/71b+D8rf6JL._AC_UY218_.jpg,2024-12-24T23:09:01.026312,2024-12-24
N/A,$89.99,2,N/A,https://m.media-amazon.com/images/I/711RfVN-QEL._AC_UY218_.jpg,2024-12-24T23:09:01.044317,2024-12-24
N/A,$389.99,43,N/A,https://m.media-amazon.com/images/I/81paMeTLvRL._AC_UL320_.jpg,2024-12-24T23:09:01.090137,2024-12-24
N/A,$389.99,43,N/A,https://m.media-amazon.com/images/I/81paMeTLvRL._AC_UL320_.jpg,2024-12-24T23:09:01.096138,2024-12-24
N/A,$389.99,23,N/A,https://m.media-amazon.com/images/I/81f6wI3M5FL._AC_UL320_.jpg,2024-12-24T23:09:01.103137,2024-12-24
N/A,"$1,449.99",131,N/A,https://m.media-amazon.com/images/I/6131ZgIFn1L._AC_UL320_.jpg,2024-12-24T23:09:01.110142,2024-12-24
N/A,$269.00,261,N/A,https://m.media-amazon.com/images/I/71FuBQEb08L._AC_UL320_.jpg,2024-12-24T23:09:01.113136,2024-12-24
N/A,$238.00,45,N/A,https://m.media-amazon.com/images/I/61VB2PmdhmL._AC_UL320_.jpg,2024-12-24T23:09:01.117136,2024-12-24
N/A,$794.77,N/A,N/A,https://m.media-amazon.com/images/I/613fIqDbu4L._AC_UY218_.jpg,2024-12-24T23:09:01.130138,2024-12-24
N/A,$599.98,2 capacities,N/A,https://m.media-amazon.com/images/I/71fQbeEDkNL._AC_UY218_.jpg,2024-12-24T23:09:01.149140,2024-12-24
N/A,$329.00,5,N/A,https://m.media-amazon.com/images/I/71LgbKfJisL._AC_UY218_.jpg,2024-12-24T23:09:01.159140,2024-12-24
N/A,$38.99,84,N/A,https://m.media-amazon.com/images/I/71ZxasnVmLL._AC_UY218_.jpg,2024-12-24T23:09:01.195137,2024-12-24
N/A,$55.99,1,N/A,https://m.media-amazon.com/images/I/6194czTiTQL._AC_UY218_.jpg,2024-12-24T23:09:01.200137,2024-12-24
N/A,$116.99,"1,014",N/A,https://m.media-amazon.com/images/I/71-clY1wOUL._AC_UL640_QL65_.jpg,2024-12-24T23:09:01.212136,2024-12-24
N/A,$129.99,11,N/A,https://m.media-amazon.com/images/I/81swa7xcHjL._AC_UY218_.jpg,2024-12-24T23:09:10.189975,2024-12-24
N/A,$68.98,2 sizes,N/A,https://m.media-amazon.com/images/I/714i1-jZa3L._AC_UY218_.jpg,2024-12-24T23:09:10.196975,2024-12-24
N/A,$37.98,13,N/A,https://m.media-amazon.com/images/I/61ThPjM2TmL._AC_UY218_.jpg,2024-12-24T23:09:10.202981,2024-12-24
N/A,"$1,449.99",131,N/A,https://m.media-amazon.com/images/I/6131ZgIFn1L._AC_UL320_.jpg,2024-12-24T23:09:10.220980,2024-12-24
N/A,"$1,449.99",131,N/A,https://m.media-amazon.com/images/I/6131ZgIFn1L._AC_UL320_.jpg,2024-12-24T23:09:10.224942,2024-12-24
N/A,$31.99,"3,024",N/A,https://m.media-amazon.com/images/I/71v31MEgAYL._AC_UL320_.jpg,2024-12-24T23:09:10.227939,2024-12-24
N/A,$36.99,227,N/A,https://m.media-amazon.com/images/I/91qap6M8--L._AC_UL320_.jpg,2024-12-24T23:09:10.230940,2024-12-24
N/A,$39.99,402,N/A,https://m.media-amazon.com/images/I/81v0XCo9HcL._AC_UL320_.jpg,2024-12-24T23:09:10.233940,2024-12-24
N/A,$23.99,935,N/A,https://m.media-amazon.com/images/I/61q15GuYXFL._AC_UL320_.jpg,2024-12-24T23:09:10.238941,2024-12-24
N/A,$39.99,"7,759",N/A,https://m.media-amazon.com/images/I/61uAPtQSedL._AC_UY218_.jpg,2024-12-24T23:09:10.270946,2024-12-24
N/A,$39.99,119,N/A,https://m.media-amazon.com/images/I/71YnDzooETL._AC_UY218_.jpg,2024-12-24T23:09:10.275976,2024-12-24
N/A,$27.99,"1,607",N/A,https://m.media-amazon.com/images/I/61mB6CBp5RL._AC_UY218_.jpg,2024-12-24T23:09:10.280979,2024-12-24
N/A,$89.99,32,N/A,https://m.media-amazon.com/images/I/81n4p1NuY0L._AC_UY218_.jpg,2024-12-24T23:09:10.308975,2024-12-24
N/A,$169.99,4,N/A,https://m.media-amazon.com/images/I/716L2KZDw6L._AC_UY218_.jpg,2024-12-24T23:09:10.331943,2024-12-24
N/A,$38.00,56,N/A,https://m.media-amazon.com/images/I/51uTsogjc6S._AC_UY218_.jpg,2024-12-24T23:09:10.340943,2024-12-24
N/A,$19.99,21,N/A,https://m.media-amazon.com/images/I/51HTOC5D7wL._AC_UY218_.jpg,2024-12-24T23:09:15.297584,2024-12-24
N/A,$29.00,6 sizes,N/A,https://m.media-amazon.com/images/I/61VmQFmOzIL._AC_UY218_.jpg,2024-12-24T23:09:15.304584,2024-12-24
N/A,$189.99,543,N/A,https://m.media-amazon.com/images/I/81tXnykWDnL._AC_UL320_.jpg,2024-12-24T23:09:15.333585,2024-12-24
N/A,$189.99,543,N/A,https://m.media-amazon.com/images/I/81tXnykWDnL._AC_UL320_.jpg,2024-12-24T23:09:15.337587,2024-12-24
N/A,"$1,449.99",131,N/A,https://m.media-amazon.com/images/I/6131ZgIFn1L._AC_UL320_.jpg,2024-12-24T23:09:15.340587,2024-12-24
N/A,$139.99,"1,405",N/A,https://m.media-amazon.com/images/I/71-KZWAlsqL._AC_UL320_.jpg,2024-12-24T23:09:15.345586,2024-12-24
N/A,$359.99,449,N/A,https://m.media-amazon.com/images/I/718hjyQT6dL._AC_UL320_.jpg,2024-12-24T23:09:15.350589,2024-12-24
N/A,$154.99,133,N/A,https://m.media-amazon.com/images/I/71bQlK8O3NL._AC_UL320_.jpg,2024-12-24T23:09:15.356585,2024-12-24
N/A,$39.99,155,N/A,https://m.media-amazon.com/images/I/71mhaL+sdBL._AC_UY218_.jpg,2024-12-24T23:09:15.388583,2024-12-24
N/A,$68.98,2 sizes,N/A,https://m.media-amazon.com/images/I/714i1-jZa3L._AC_UY218_.jpg,2024-12-24T23:09:15.397584,2024-12-24
N/A,$49.99,N/A,N/A,https://m.media-amazon.com/images/I/617J6EdYinL._AC_UY218_.jpg,2024-12-24T23:09:15.408588,2024-12-24
N/A,$34.99,106,N/A,https://m.media-amazon.com/images/I/71uDt75S2xL._AC_UY218_.jpg,2024-12-24T23:09:15.416587,2024-12-24
N/A,$69.99,5 sizes,N/A,https://m.media-amazon.com/images/I/717bbgmQZPL._AC_UY218_.jpg,2024-12-24T23:09:15.433583,2024-12-24
N/A,$24.99,164,N/A,https://m.media-amazon.com/images/I/618Ye2LF3hL._AC_UY218_.jpg,2024-12-24T23:09:15.443588,2024-12-24
N/A,$39.99,63,N/A,https://m.media-amazon.com/images/I/71QKpQ-ieRL._AC_UY218_.jpg,2024-12-24T23:09:21.943126,2024-12-24
N/A,$69.99,5 sizes,N/A,https://m.media-amazon.com/images/I/717bbgmQZPL._AC_UY218_.jpg,2024-12-24T23:09:21.952128,2024-12-24
N/A,$49.99,77,N/A,https://m.media-amazon.com/images/I/814pvqysRIL._AC_UL320_.jpg,2024-12-24T23:09:22.006126,2024-12-24
N/A,$49.99,77,N/A,https://m.media-amazon.com/images/I/814pvqysRIL._AC_UL320_.jpg,2024-12-24T23:09:22.018129,2024-12-24
N/A,$19.99,49,N/A,https://m.media-amazon.com/images/I/71sPhdJDcEL._AC_UL320_.jpg,2024-12-24T23:09:22.035127,2024-12-24
N/A,$12.99,"1,602",N/A,https://m.media-amazon.com/images/I/61GxcHoTqFL._AC_UL320_.jpg,2024-12-24T23:09:22.052128,2024-12-24
N/A,$14.99,562,N/A,https://m.media-amazon.com/images/I/71t3vfzuFXL._AC_UL320_.jpg,2024-12-24T23:09:22.059126,2024-12-24
N/A,$48.00,602,N/A,https://m.media-amazon.com/images/I/617GlzX4FFS._AC_UL320_.jpg,2024-12-24T23:09:22.064124,2024-12-24
N/A,$39.99,119,N/A,https://m.media-amazon.com/images/I/71YnDzooETL._AC_UY218_.jpg,2024-12-24T23:09:22.075123,2024-12-24
N/A,$18.99,N/A,N/A,https://m.media-amazon.com/images/I/717p4L+QbiL._AC_UY218_.jpg,2024-12-24T23:09:22.107124,2024-12-24
N/A,$18.99,N/A,N/A,https://m.media-amazon.com/images/I/7138huzsh1L._AC_UY218_.jpg,2024-12-24T23:09:22.112123,2024-12-24
N/A,$29.00,6 sizes,N/A,https://m.media-amazon.com/images/I/51ibOsfcsaL._AC_UY218_.jpg,2024-12-24T23:09:22.171124,2024-12-24
N/A,$27.99,3 sizes,N/A,https://m.media-amazon.com/images/I/71NkAWkf6sL._AC_UY218_.jpg,2024-12-24T23:09:22.179127,2024-12-24
N/A,$19.99,45,N/A,https://m.media-amazon.com/images/I/61R4a+q1flL._AC_UY218_.jpg,2024-12-24T23:09:27.418697,2024-12-24
N/A,$12.99,399,N/A,https://m.media-amazon.com/images/I/71xvjr2-j9L._AC_UY218_.jpg,2024-12-24T23:09:27.426695,2024-12-24
N/A,$89.99,3,N/A,https://m.media-amazon.com/images/I/61Fyt7DvQyL._AC_UY218_.jpg,2024-12-24T23:09:27.430700,2024-12-24
N/A,$23.99,935,N/A,https://m.media-amazon.com/images/I/61q15GuYXFL._AC_UL320_.jpg,2024-12-24T23:09:27.461699,2024-12-24
N/A,$23.99,935,N/A,https://m.media-amazon.com/images/I/61q15GuYXFL._AC_UL320_.jpg,2024-12-24T23:09:27.466697,2024-12-24
N/A,$19.99,49,N/A,https://m.media-amazon.com/images/I/71sPhdJDcEL._AC_UL320_.jpg,2024-12-24T23:09:27.476699,2024-12-24
N/A,$14.99,562,N/A,https://m.media-amazon.com/images/I/71t3vfzuFXL._AC_UL320_.jpg,2024-12-24T23:09:27.479693,2024-12-24
N/A,$48.00,602,N/A,https://m.media-amazon.com/images/I/617GlzX4FFS._AC_UL320_.jpg,2024-12-24T23:09:27.484696,2024-12-24
N/A,$24.99,"1,803",N/A,https://m.media-amazon.com/images/I/615hhcGIkpL._AC_UL320_.jpg,2024-12-24T23:09:27.492698,2024-12-24
N/A,$39.99,"5,870",N/A,https://m.media-amazon.com/images/I/71ksB-0yh+L._AC_UY218_.jpg,2024-12-24T23:09:27.504695,2024-12-24
N/A,$25.99,204,N/A,https://m.media-amazon.com/images/I/81CFn7Iv26L._AC_UY218_.jpg,2024-12-24T23:09:27.531697,2024-12-24
N/A,$18.99,N/A,N/A,https://m.media-amazon.com/images/I/81mz2ws0aiL._AC_UY218_.jpg,2024-12-24T23:09:27.537700,2024-12-24
N/A,$55.99,2 sizes,N/A,https://m.media-amazon.com/images/I/81j+C-xIz1L._AC_UY218_.jpg,2024-12-24T23:09:27.555696,2024-12-24
N/A,$59.99,2 sizes,N/A,https://m.media-amazon.com/images/I/81659YGFGiL._AC_UY218_.jpg,2024-12-24T23:09:27.568698,2024-12-24
N/A,$186.36,N/A,N/A,https://m.media-amazon.com/images/I/31lr6XIaFWL._AC_UY218_.jpg,2024-12-24T23:09:27.592696,2024-12-24
N/A,$69.99,5 sizes,N/A,https://m.media-amazon.com/images/I/717bbgmQZPL._AC_UY218_.jpg,2024-12-24T23:09:27.600697,2024-12-24
N/A,$129.99,2 sizes,N/A,https://m.media-amazon.com/images/I/81lSJXDhgbL._AC_UY218_.jpg,2024-12-24T23:09:33.853651,2024-12-24
N/A,$99.99,533,N/A,https://m.media-amazon.com/images/I/71e6v8k5KpL._AC_UY218_.jpg,2024-12-24T23:09:33.860652,2024-12-24
N/A,$97.97,"33,895",N/A,https://m.media-amazon.com/images/I/71jdr9u9YhL._AC_UY218_.jpg,2024-12-24T23:09:33.871653,2024-12-24
N/A,$69.99,3 sizes,N/A,https://m.media-amazon.com/images/I/71RTruFctrL._AC_UY218_.jpg,2024-12-24T23:09:33.879652,2024-12-24
N/A,$799.99,20,N/A,https://m.media-amazon.com/images/I/61hgGCPwBxL._AC_UY218_.jpg,2024-12-24T23:09:33.890654,2024-12-24
N/A,$67.99,"1,807",N/A,https://m.media-amazon.com/images/I/81VbXFe1iiL._AC_UL320_.jpg,2024-12-24T23:09:33.915694,2024-12-24
N/A,$67.99,"1,807",N/A,https://m.media-amazon.com/images/I/81VbXFe1iiL._AC_UL320_.jpg,2024-12-24T23:09:33.923692,2024-12-24
N/A,$79.99,"1,669",N/A,https://m.media-amazon.com/images/I/719hOt08wNL._AC_UL320_.jpg,2024-12-24T23:09:33.929651,2024-12-24
N/A,$219.99,159,N/A,https://m.media-amazon.com/images/I/71NDPwHob+L._AC_UL320_.jpg,2024-12-24T23:09:33.937654,2024-12-24
N/A,$219.99,543,N/A,https://m.media-amazon.com/images/I/71B-vKMMliL._AC_UL320_.jpg,2024-12-24T23:09:33.943653,2024-12-24
N/A,$119.99,905,N/A,https://m.media-amazon.com/images/I/61LFTiGJf8L._AC_UL320_.jpg,2024-12-24T23:09:33.949652,2024-12-24
N/A,$79.97,"23,383",N/A,https://m.media-amazon.com/images/I/71P0M7tKjYL._AC_UL640_QL65_.jpg,2024-12-24T23:09:33.959652,2024-12-24
N/A,$89.99,3 sizes,N/A,https://m.media-amazon.com/images/I/71e5GgPXQzL._AC_UY218_.jpg,2024-12-24T23:09:33.965704,2024-12-24
N/A,$214.00,4 sizes,N/A,https://m.media-amazon.com/images/I/71zBEonWXjL._AC_UY218_.jpg,2024-12-24T23:09:33.988659,2024-12-24
N/A,$79.97,"23,383",N/A,https://m.media-amazon.com/images/I/71P0M7tKjYL._AC_UY218_.jpg,2024-12-24T23:09:34.009652,2024-12-24
N/A,$99.99,2 sizes,N/A,https://m.media-amazon.com/images/I/71KH4jIuyCL._AC_UY218_.jpg,2024-12-24T23:09:34.015654,2024-12-24
N/A,$139.99,N/A,N/A,https://m.media-amazon.com/images/I/71fMvyjJd7L._AC_UY218_.jpg,2024-12-24T23:09:34.024657,2024-12-24
N/A,$57.97,"24,804",N/A,https://m.media-amazon.com/images/I/61oepG5Y2FL._AC_UY218_.jpg,2024-12-24T23:09:34.034656,2024-12-24
N/A,$209.99,4,N/A,https://m.media-amazon.com/images/I/71FaI9rHgPL._AC_UY218_.jpg,2024-12-24T23:09:34.042653,2024-12-24
N/A,$109.99,2 sizes,N/A,https://m.media-amazon.com/images/I/61Qazt1iWcL._AC_UY218_.jpg,2024-12-24T23:09:34.051655,2024-12-24
N/A,$169.97,"12,075",N/A,https://m.media-amazon.com/images/I/71vTguaBMgL._AC_UY218_.jpg,2024-12-24T23:09:34.061653,2024-12-24
N/A,$94.99,3 sizes,N/A,https://m.media-amazon.com/images/I/71yo3bmyBnL._AC_UY218_.jpg,2024-12-24T23:09:34.069654,2024-12-24
N/A,$219.99,3 sizes,N/A,https://m.media-amazon.com/images/I/71UaaLrlu9L._AC_UY218_.jpg,2024-12-24T23:09:34.077651,2024-12-24
N/A,$89.99,4 sizes,N/A,https://m.media-amazon.com/images/I/817Ra3QzAGL._AC_UY218_.jpg,2024-12-24T23:09:34.086656,2024-12-24
N/A,$109.99,7 sizes,N/A,https://m.media-amazon.com/images/I/71sSPrxLnkL._AC_UY218_.jpg,2024-12-24T23:09:34.093651,2024-12-24
N/A,$199.99,4 sizes,N/A,https://m.media-amazon.com/images/I/81rcnsbOb4L._AC_UY218_.jpg,2024-12-24T23:09:34.101654,2024-12-24
N/A,$79.99,3 sizes,N/A,https://m.media-amazon.com/images/I/71xJHVgkoDL._AC_UY218_.jpg,2024-12-24T23:09:34.108650,2024-12-24
N/A,$74.99,3 sizes,N/A,https://m.media-amazon.com/images/I/81aRnzRkLSL._AC_UY218_.jpg,2024-12-24T23:09:34.113652,2024-12-24
N/A,$99.94,61,N/A,https://m.media-amazon.com/images/I/61MF5Bnn1wL._AC_UY218_.jpg,2024-12-24T23:09:34.125651,2024-12-24
N/A,$99.99,533,N/A,https://m.media-amazon.com/images/I/71e6v8k5KpL._AC_UL320_.jpg,2024-12-24T23:09:34.143651,2024-12-24
N/A,$99.99,533,N/A,https://m.media-amazon.com/images/I/71e6v8k5KpL._AC_UL320_.jpg,2024-12-24T23:09:34.149655,2024-12-24
N/A,$359.99,2,N/A,https://m.media-amazon.com/images/I/71azvlir3+L._AC_UL320_.jpg,2024-12-24T23:09:34.159653,2024-12-24
N/A,$119.97,234,N/A,https://m.media-amazon.com/images/I/712lnI8yD1L._AC_UL320_.jpg,2024-12-24T23:09:34.168654,2024-12-24
N/A,$379.99,484,N/A,https://m.media-amazon.com/images/I/81CTihSUAyL._AC_UL320_.jpg,2024-12-24T23:09:34.176652,2024-12-24
N/A,$279.99,102,N/A,https://m.media-amazon.com/images/I/71tXuQM-oTL._AC_UL320_.jpg,2024-12-24T23:09:34.185654,2024-12-24
N/A,$119.99,50,N/A,https://m.media-amazon.com/images/I/71mFuzwrEGL._AC_UY218_.jpg,2024-12-24T23:09:45.778312,2024-12-24
N/A,$209.99,4,N/A,https://m.media-amazon.com/images/I/71FaI9rHgPL._AC_UY218_.jpg,2024-12-24T23:09:45.783311,2024-12-24
N/A,$159.99,3 sizes,N/A,https://m.media-amazon.com/images/I/81HN5m6HR8L._AC_UY218_.jpg,2024-12-24T23:09:45.791311,2024-12-24
N/A,$329.00,732,N/A,https://m.media-amazon.com/images/I/71xUGwGReSL._AC_UY218_.jpg,2024-12-24T23:09:45.798313,2024-12-24
N/A,$148.99,3 sizes,N/A,https://m.media-amazon.com/images/I/81+fuMKCX3L._AC_UY218_.jpg,2024-12-24T23:09:45.806312,2024-12-24
N/A,$279.99,"1,405",N/A,https://m.media-amazon.com/images/I/61LaqkFWtOL._AC_UL320_.jpg,2024-12-24T23:09:45.829832,2024-12-24
N/A,$279.99,"1,405",N/A,https://m.media-amazon.com/images/I/61LaqkFWtOL._AC_UL320_.jpg,2024-12-24T23:09:45.833832,2024-12-24
N/A,$379.99,102,N/A,https://m.media-amazon.com/images/I/81DOwX9jYzL._AC_UL320_.jpg,2024-12-24T23:09:45.838828,2024-12-24
N/A,$239.99,463,N/A,https://m.media-amazon.com/images/I/711Cx5hZ8uL._AC_UL320_.jpg,2024-12-24T23:09:45.844828,2024-12-24
N/A,$249.99,449,N/A,https://m.media-amazon.com/images/I/714Ufa2awpL._AC_UL320_.jpg,2024-12-24T23:09:45.848829,2024-12-24
N/A,$139.99,139,N/A,https://m.media-amazon.com/images/I/71+ygySG+TL._AC_UL320_.jpg,2024-12-24T23:09:45.851828,2024-12-24
N/A,$67.99,4 sizes,N/A,https://m.media-amazon.com/images/I/81VbXFe1iiL._AC_UY218_.jpg,2024-12-24T23:09:45.868828,2024-12-24
N/A,$719.00,66,N/A,https://m.media-amazon.com/images/I/91eUkKyFCPL._AC_UY218_.jpg,2024-12-24T23:09:45.872828,2024-12-24
N/A,$249.99,"3,516",N/A,https://m.media-amazon.com/images/I/71wcp5kFaWL._AC_UY218_.jpg,2024-12-24T23:09:45.877835,2024-12-24
N/A,$206.99,"2,482",N/A,https://m.media-amazon.com/images/I/81z8iO86p9L._AC_UY218_.jpg,2024-12-24T23:09:45.882865,2024-12-24
N/A,$199.99,519,N/A,https://m.media-amazon.com/images/I/81rOxOpLG1L._AC_UY218_.jpg,2024-12-24T23:09:45.886865,2024-12-24
N/A,$79.99,3 sizes,N/A,https://m.media-amazon.com/images/I/719hOt08wNL._AC_UY218_.jpg,2024-12-24T23:09:45.893833,2024-12-24
N/A,$214.00,4 sizes,N/A,https://m.media-amazon.com/images/I/71zBEonWXjL._AC_UY218_.jpg,2024-12-24T23:09:45.900833,2024-12-24
N/A,$179.97,"1,612",N/A,https://m.media-amazon.com/images/I/61y3Tjs+HnL._AC_UY218_.jpg,2024-12-24T23:09:45.906829,2024-12-24
N/A,$99.99,2 sizes,N/A,https://m.media-amazon.com/images/I/91uKrkA4snL._AC_UY218_.jpg,2024-12-24T23:09:45.912866,2024-12-24
N/A,$79.99,4 sizes,N/A,https://m.media-amazon.com/images/I/614w0p9HF4L._AC_UY218_.jpg,2024-12-24T23:09:45.916869,2024-12-24
N/A,$149.99,4 sizes,N/A,https://m.media-amazon.com/images/I/81Y47LcltlL._AC_UY218_.jpg,2024-12-24T23:09:45.922866,2024-12-24
N/A,$224.00,"2,788",N/A,https://m.media-amazon.com/images/I/81CFn-NfutL._AC_UY218_.jpg,2024-12-24T23:09:45.959832,2024-12-24
N/A,$129.00,"7,696",N/A,https://m.media-amazon.com/images/I/71Dbz4OKXWL._AC_UY218_.jpg,2024-12-24T23:09:45.987831,2024-12-24
N/A,$329.99,4,N/A,https://m.media-amazon.com/images/I/71E8bObhQrL._AC_UY218_.jpg,2024-12-24T23:09:46.048835,2024-12-24
N/A,$159.99,2 sizes,N/A,https://m.media-amazon.com/images/I/51juMJRoVUL._AC_UY218_.jpg,2024-12-24T23:09:46.076831,2024-12-24
N/A,$249.99,2 sizes,N/A,https://m.media-amazon.com/images/I/51smQEYE8KL._AC_UY218_.jpg,2024-12-24T23:09:46.113833,2024-12-24
N/A,$67.99,4 sizes,N/A,https://m.media-amazon.com/images/I/81VbXFe1iiL._AC_UY218_.jpg,2024-12-24T23:09:46.126831,2024-12-24
N/A,$379.95,5,N/A,https://m.media-amazon.com/images/I/81QnxOf6iHL._AC_UL640_QL65_.jpg,2024-12-24T23:09:46.141836,2024-12-24
N/A,$35.88,23,N/A,https://m.media-amazon.com/images/I/61ioVmSMbAL._AC_UY218_.jpg,2024-12-24T23:09:57.043467,2024-12-24
N/A,$173.99,410,N/A,https://m.media-amazon.com/images/I/51cJjJa0lrL._AC_UY218_.jpg,2024-12-24T23:09:57.049466,2024-12-24
N/A,$249.99,"3,208",N/A,https://m.media-amazon.com/images/I/71awxc1RPRL._AC_UY218_.jpg,2024-12-24T23:09:57.052465,2024-12-24
N/A,$139.99,7 sizes,N/A,https://m.media-amazon.com/images/I/71-KZWAlsqL._AC_UY218_.jpg,2024-12-24T23:09:57.059467,2024-12-24
N/A,$279.99,"1,405",N/A,https://m.media-amazon.com/images/I/61LaqkFWtOL._AC_UL320_.jpg,2024-12-24T23:09:57.090467,2024-12-24
N/A,$279.99,"1,405",N/A,https://m.media-amazon.com/images/I/61LaqkFWtOL._AC_UL320_.jpg,2024-12-24T23:09:57.096471,2024-12-24
N/A,$249.99,449,N/A,https://m.media-amazon.com/images/I/714Ufa2awpL._AC_UL320_.jpg,2024-12-24T23:09:57.100470,2024-12-24
N/A,$69.99,85,N/A,https://m.media-amazon.com/images/I/71P4tAqP1hL._AC_UL320_.jpg,2024-12-24T23:09:57.106466,2024-12-24
N/A,$99.99,67,N/A,https://m.media-amazon.com/images/I/718AqVXIM+L._AC_UL320_.jpg,2024-12-24T23:09:57.110467,2024-12-24
N/A,$99.99,117,N/A,https://m.media-amazon.com/images/I/61ZdeFNcoTL._AC_UL320_.jpg,2024-12-24T23:09:57.117470,2024-12-24
N/A,$209.99,3 sizes,N/A,https://m.media-amazon.com/images/I/71eZ-Qw8BGL._AC_UY218_.jpg,2024-12-24T23:09:57.131469,2024-12-24
N/A,$399.00,340,N/A,https://m.media-amazon.com/images/I/81SmgyBTqPL._AC_UY218_.jpg,2024-12-24T23:09:57.139469,2024-12-24
N/A,$159.99,3 sizes,N/A,https://m.media-amazon.com/images/I/71bT3BQVmIL._AC_UY218_.jpg,2024-12-24T23:09:57.149469,2024-12-24
N/A,$139.99,22,N/A,https://m.media-amazon.com/images/I/81Kcs0Ylv6L._AC_UY218_.jpg,2024-12-24T23:09:57.154470,2024-12-24
N/A,$67.99,4 sizes,N/A,https://m.media-amazon.com/images/I/81VbXFe1iiL._AC_UY218_.jpg,2024-12-24T23:09:57.160470,2024-12-24
N/A,$119.49,"1,608",N/A,https://m.media-amazon.com/images/I/71oAgSyyeCL._AC_UY218_.jpg,2024-12-24T23:09:57.163469,2024-12-24
N/A,$169.99,338,N/A,https://m.media-amazon.com/images/I/71112BEzdCL._AC_UY218_.jpg,2024-12-24T23:09:57.168469,2024-12-24
N/A,$208.80,20,N/A,https://m.media-amazon.com/images/I/71j2TvekyEL._AC_UY218_.jpg,2024-12-24T23:09:57.173469,2024-12-24
N/A,$119.99,8 sizes,N/A,https://m.media-amazon.com/images/I/71XrlW6hN8L._AC_UY218_.jpg,2024-12-24T23:09:57.177470,2024-12-24
N/A,$52.99,323,N/A,https://m.media-amazon.com/images/I/718iVu6sXAL._AC_UY218_.jpg,2024-12-24T23:09:57.182469,2024-12-24
N/A,$119.00,"2,973",N/A,https://m.media-amazon.com/images/I/81qOLoBvqqL._AC_UY218_.jpg,2024-12-24T23:09:57.186469,2024-12-24
N/A,$119.99,28,N/A,https://m.media-amazon.com/images/I/71dy+uMhPmL._AC_UY218_.jpg,2024-12-24T23:09:57.191469,2024-12-24
N/A,$159.99,"1,140",N/A,https://m.media-amazon.com/images/I/71J6sKVu4qL._AC_UY218_.jpg,2024-12-24T23:09:57.195469,2024-12-24
N/A,$79.99,5,N/A,https://m.media-amazon.com/images/I/61QpLC8XLoL._AC_UY218_.jpg,2024-12-24T23:09:57.202467,2024-12-24
N/A,$249.99,2 sizes,N/A,https://m.media-amazon.com/images/I/51smQEYE8KL._AC_UY218_.jpg,2024-12-24T23:09:57.208467,2024-12-24
N/A,$229.99,"1,054",N/A,https://m.media-amazon.com/images/I/81cWbG3LSFL._AC_UY218_.jpg,2024-12-24T23:10:18.984021,2024-12-24
N/A,$39.99,86,N/A,https://m.media-amazon.com/images/I/71v3AJPZnqL._AC_UY218_.jpg,2024-12-24T23:10:19.003021,2024-12-24
N/A,$29.99,"2,326",N/A,https://m.media-amazon.com/images/I/71Bk2A2WmOL._AC_UY218_.jpg,2024-12-24T23:10:19.016017,2024-12-24
N/A,$89.99,"1,407",N/A,https://m.media-amazon.com/images/I/71yE77UAvxL._AC_UY218_.jpg,2024-12-24T23:10:19.026150,2024-12-24
N/A,$78.89,398,N/A,https://m.media-amazon.com/images/I/61T79euEq2L._AC_UY218_.jpg,2024-12-24T23:10:19.030892,2024-12-24
N/A,$22.47,"7,475",N/A,https://m.media-amazon.com/images/I/619xEG-HNNL._AC_UY218_.jpg,2024-12-24T23:10:19.063581,2024-12-24
N/A,$149.99,451,N/A,https://m.media-amazon.com/images/I/91YxKZjwOPL._AC_UY218_.jpg,2024-12-24T23:10:19.069502,2024-12-24
N/A,$119.99,N/A,N/A,https://m.media-amazon.com/images/I/716LOjB0T6L._AC_UY218_.jpg,2024-12-24T23:10:19.073503,2024-12-24
N/A,$29.99,"2,491",N/A,https://m.media-amazon.com/images/I/71T1WQSxp9L._AC_UY218_.jpg,2024-12-24T23:10:19.078501,2024-12-24
N/A,$36.99,"8,670",N/A,https://m.media-amazon.com/images/I/5110JBRA1-L._AC_UY218_.jpg,2024-12-24T23:10:19.086502,2024-12-24
N/A,$15.99,908,N/A,https://m.media-amazon.com/images/I/61z5gfT8lIL._AC_UY218_.jpg,2024-12-24T23:10:19.095503,2024-12-24
N/A,$22.99,214,N/A,https://m.media-amazon.com/images/I/71JBfuNOPOL._AC_UY218_.jpg,2024-12-24T23:10:19.104500,2024-12-24
N/A,$49.97,"14,202",N/A,https://m.media-amazon.com/images/I/61nghmq8GPL._AC_UY218_.jpg,2024-12-24T23:10:19.109500,2024-12-24
N/A,$46.99,"46,130",N/A,https://m.media-amazon.com/images/I/71QDJHG1PqL._AC_UY218_.jpg,2024-12-24T23:10:19.116500,2024-12-24
N/A,$90.99,365,N/A,https://m.media-amazon.com/images/I/71F8pZhijfL._AC_UY218_.jpg,2024-12-24T23:10:19.120500,2024-12-24
N/A,$45.99,"1,734",N/A,https://m.media-amazon.com/images/I/614-FyISnxL._AC_UY218_.jpg,2024-12-24T23:10:19.125539,2024-12-24
N/A,$29.98,"9,734",N/A,https://m.media-amazon.com/images/I/61UGJ7z-sUL._AC_UY218_.jpg,2024-12-24T23:10:19.129538,2024-12-24
N/A,$29.97,"17,674",N/A,https://m.media-amazon.com/images/I/712aS12pD5L._AC_UY218_.jpg,2024-12-24T23:10:19.135538,2024-12-24
N/A,$99.99,"4,529",N/A,https://m.media-amazon.com/images/I/71MMyY42UHL._AC_UY218_.jpg,2024-12-24T23:10:19.145539,2024-12-24
N/A,$39.99,"3,814",N/A,https://m.media-amazon.com/images/I/71687FoL8cL._AC_UY218_.jpg,2024-12-24T23:10:19.153573,2024-12-24
N/A,$69.99,42,N/A,https://m.media-amazon.com/images/I/61L9AJFKlyL._AC_UY218_.jpg,2024-12-24T23:10:19.159540,2024-12-24
N/A,$55.99,N/A,N/A,https://m.media-amazon.com/images/I/71NdlX7wVVL._AC_UY218_.jpg,2024-12-24T23:10:19.166538,2024-12-24
N/A,$16.99,"2,097",N/A,https://m.media-amazon.com/images/I/61i6QyWUpQS._AC_UY218_.jpg,2024-12-24T23:10:35.649231,2024-12-24
N/A,$79.99,470,N/A,https://m.media-amazon.com/images/I/61hECIx54qL._AC_UY218_.jpg,2024-12-24T23:10:35.655231,2024-12-24
N/A,$75.95,"13,766",N/A,https://m.media-amazon.com/images/I/61iiZ-gDYEL._AC_UY218_.jpg,2024-12-24T23:10:35.663231,2024-12-24
N/A,$11.99,"10,280",N/A,https://m.media-amazon.com/images/I/616YhNKtqML._AC_UY218_.jpg,2024-12-24T23:10:35.668231,2024-12-24
N/A,$69.98,"9,962",N/A,https://m.media-amazon.com/images/I/61OkuiCWbDL._AC_UY218_.jpg,2024-12-24T23:10:35.675231,2024-12-24
N/A,$69.98,N/A,N/A,N/A,2024-12-24T23:10:35.683229,2024-12-24
N/A,$152.32,507,N/A,https://m.media-amazon.com/images/I/61BJ2MpgTTL._AC_UY218_.jpg,2024-12-24T23:10:35.694231,2024-12-24
N/A,$99.99,"16,625",N/A,https://m.media-amazon.com/images/I/618J0JFnhWL._AC_UY218_.jpg,2024-12-24T23:10:35.700231,2024-12-24
N/A,$38.49,"5,749",N/A,https://m.media-amazon.com/images/I/416AZVtCjwL._AC_UY218_.jpg,2024-12-24T23:10:35.707235,2024-12-24
N/A,$59.99,"3,648",N/A,https://m.media-amazon.com/images/I/614J0VriTRL._AC_UY218_.jpg,2024-12-24T23:10:35.712230,2024-12-24
N/A,$9.99,568,N/A,https://m.media-amazon.com/images/I/81YmaOipfTL._AC_UY218_.jpg,2024-12-24T23:10:35.716230,2024-12-24
N/A,$19.99,314,N/A,https://m.media-amazon.com/images/I/517+8YaZ+gL._AC_UY218_.jpg,2024-12-24T23:10:35.724233,2024-12-24
N/A,$9.99,"3,115",N/A,https://m.media-amazon.com/images/I/61QPJBSW1PL._AC_UY218_.jpg,2024-12-24T23:10:35.732230,2024-12-24
N/A,$63.12,"15,612",N/A,https://m.media-amazon.com/images/I/61v1eEAWXYL._AC_UY218_.jpg,2024-12-24T23:10:35.740230,2024-12-24
N/A,$129.99,"1,040",N/A,https://m.media-amazon.com/images/I/71A+MM44goL._AC_UY218_.jpg,2024-12-24T23:10:35.745230,2024-12-24
N/A,$29.99,"7,598",N/A,https://m.media-amazon.com/images/I/71gPyCyreBL._AC_UY218_.jpg,2024-12-24T23:10:35.828231,2024-12-24
N/A,$109.99,"1,267",N/A,https://m.media-amazon.com/images/I/610zfFdTrwL._AC_UY218_.jpg,2024-12-24T23:10:35.835234,2024-12-24
N/A,$9.98,"66,259",N/A,https://m.media-amazon.com/images/I/71tqvuHgIlL._AC_UL640_QL65_.jpg,2024-12-24T23:10:35.849235,2024-12-24
N/A,$39.99,"18,756",N/A,https://m.media-amazon.com/images/I/81djh1gfUwL._AC_UY218_.jpg,2024-12-24T23:10:55.347754,2024-12-24
N/A,$83.99,"18,272",N/A,https://m.media-amazon.com/images/I/71o5w0ZfptL._AC_UY218_.jpg,2024-12-24T23:10:55.352754,2024-12-24
N/A,$37.99,"40,246",N/A,https://m.media-amazon.com/images/I/81-YRA6tQqL._AC_UY218_.jpg,2024-12-24T23:10:55.360756,2024-12-24
N/A,$39.99,"7,211",N/A,https://m.media-amazon.com/images/I/718yxonHN8L._AC_UL320_.jpg,2024-12-24T23:10:55.381753,2024-12-24
N/A,$39.99,"7,211",N/A,https://m.media-amazon.com/images/I/718yxonHN8L._AC_UL320_.jpg,2024-12-24T23:10:55.385753,2024-12-24
N/A,$39.99,693,N/A,https://m.media-amazon.com/images/I/71GA-xkPdwL._AC_UL320_.jpg,2024-12-24T23:10:55.394756,2024-12-24
N/A,$25.99,"1,546",N/A,https://m.media-amazon.com/images/I/81p9DPknjLL._AC_UL320_.jpg,2024-12-24T23:10:55.398754,2024-12-24
N/A,$39.99,"18,756",N/A,https://m.media-amazon.com/images/I/81djh1gfUwL._AC_UL320_.jpg,2024-12-24T23:10:55.407753,2024-12-24
N/A,$115.99,"4,746",N/A,https://m.media-amazon.com/images/I/71ooBl2iQuL._AC_UL320_.jpg,2024-12-24T23:10:55.410753,2024-12-24
N/A,$39.99,"23,403",N/A,https://m.media-amazon.com/images/I/71jnC5VAtmL._AC_UL640_QL65_.jpg,2024-12-24T23:10:55.417754,2024-12-24
N/A,$25.99,"1,546",N/A,https://m.media-amazon.com/images/I/81p9DPknjLL._AC_UY218_.jpg,2024-12-24T23:10:55.423756,2024-12-24
N/A,$139.95,"30,145",N/A,https://m.media-amazon.com/images/I/61qMO3TS2RL._AC_UY218_.jpg,2024-12-24T23:10:55.441790,2024-12-24
N/A,$15.99,"70,768",N/A,https://m.media-amazon.com/images/I/71DVfwSDN-L._AC_UY218_.jpg,2024-12-24T23:10:55.456759,2024-12-24
N/A,$38.00,"13,229",N/A,https://m.media-amazon.com/images/I/716FMuWpp4L._AC_UY218_.jpg,2024-12-24T23:10:55.483757,2024-12-24
N/A,$79.99,"5,227",N/A,https://m.media-amazon.com/images/I/713TUYjagQL._AC_UY218_.jpg,2024-12-24T23:10:55.502761,2024-12-24
N/A,$29.95,"44,597",N/A,https://m.media-amazon.com/images/I/71PhFLta18L._AC_UY218_.jpg,2024-12-24T23:10:55.519758,2024-12-24
N/A,$39.99,693,N/A,https://m.media-amazon.com/images/I/71GA-xkPdwL._AC_UY218_.jpg,2024-12-24T23:10:55.532757,2024-12-24
N/A,$199.99,772,N/A,https://m.media-amazon.com/images/I/815nga8GBqL._AC_UY218_.jpg,2024-12-24T23:10:55.539756,2024-12-24
N/A,$149.00,"11,054",N/A,https://m.media-amazon.com/images/I/61TbugdYuUL._AC_UY218_.jpg,2024-12-24T23:10:55.549758,2024-12-24
N/A,$48.97,425,N/A,https://m.media-amazon.com/images/I/51xGMW11v2L._AC_UL320_.jpg,2024-12-24T23:10:55.584755,2024-12-24
N/A,$48.97,425,N/A,https://m.media-amazon.com/images/I/51xGMW11v2L._AC_UL320_.jpg,2024-12-24T23:10:55.588753,2024-12-24
N/A,$69.97,"15,092",N/A,https://m.media-amazon.com/images/I/81dnKCg46eL._AC_UL320_.jpg,2024-12-24T23:10:55.595755,2024-12-24
N/A,$199.99,772,N/A,https://m.media-amazon.com/images/I/815nga8GBqL._AC_UL320_.jpg,2024-12-24T23:10:55.600755,2024-12-24
N/A,$74.99,8,N/A,https://m.media-amazon.com/images/I/611dOVajF1L._AC_UL320_.jpg,2024-12-24T23:10:55.603754,2024-12-24
N/A,$172.52,864,N/A,https://m.media-amazon.com/images/I/71tgRKPg-EL._AC_UL320_.jpg,2024-12-24T23:10:55.610767,2024-12-24
N/A,$36.99,1,N/A,https://m.media-amazon.com/images/I/61j6I5n1I0L._AC_UY218_.jpg,2024-12-24T23:11:01.015513,2024-12-24
N/A,$39.99,"7,211",N/A,https://m.media-amazon.com/images/I/718yxonHN8L._AC_UY218_.jpg,2024-12-24T23:11:01.022514,2024-12-24
N/A,$58.99,"6,921",N/A,https://m.media-amazon.com/images/I/71K3m6QVL-L._AC_UY218_.jpg,2024-12-24T23:11:01.030515,2024-12-24
N/A,$88.00,726,N/A,https://m.media-amazon.com/images/I/71mq+2EjRfL._AC_UY218_.jpg,2024-12-24T23:11:01.038511,2024-12-24
N/A,$39.99,"2,956",N/A,https://m.media-amazon.com/images/I/81IDSYFjXzL._AC_UY218_.jpg,2024-12-24T23:11:01.046550,2024-12-24
N/A,$39.99,"7,211",N/A,https://m.media-amazon.com/images/I/718yxonHN8L._AC_UL320_.jpg,2024-12-24T23:11:01.064514,2024-12-24
N/A,$39.99,"7,211",N/A,https://m.media-amazon.com/images/I/718yxonHN8L._AC_UL320_.jpg,2024-12-24T23:11:01.068515,2024-12-24
N/A,$39.99,693,N/A,https://m.media-amazon.com/images/I/71GA-xkPdwL._AC_UL320_.jpg,2024-12-24T23:11:01.072513,2024-12-24
N/A,$25.99,"1,546",N/A,https://m.media-amazon.com/images/I/81p9DPknjLL._AC_UL320_.jpg,2024-12-24T23:11:01.075513,2024-12-24
N/A,$49.98,"4,180",N/A,https://m.media-amazon.com/images/I/71thuFyPy3L._AC_UL320_.jpg,2024-12-24T23:11:01.079553,2024-12-24
N/A,$69.98,"9,008",N/A,https://m.media-amazon.com/images/I/716Ap-eCdtL._AC_UL320_.jpg,2024-12-24T23:11:01.085511,2024-12-24
N/A,$99.99,63,N/A,https://m.media-amazon.com/images/I/81ET3n88IsL._AC_UL640_QL65_.jpg,2024-12-24T23:11:01.093510,2024-12-24
N/A,$117.45,"11,433",N/A,https://m.media-amazon.com/images/I/81A4UTi-qUL._AC_UY218_.jpg,2024-12-24T23:11:01.098513,2024-12-24
N/A,$12.88,"4,546",N/A,https://m.media-amazon.com/images/I/71Q6XdcmJzL._AC_UY218_.jpg,2024-12-24T23:11:01.102511,2024-12-24
N/A,$551.49,79,N/A,https://m.media-amazon.com/images/I/61CwGTQHP0L._AC_UY218_.jpg,2024-12-24T23:11:01.106511,2024-12-24
N/A,$79.60,375,N/A,https://m.media-amazon.com/images/I/71O-9Qt8GXL._AC_UY218_.jpg,2024-12-24T23:11:01.113511,2024-12-24
N/A,$179.99,"3,729",N/A,https://m.media-amazon.com/images/I/71rJy3iVNRL._AC_UY218_.jpg,2024-12-24T23:11:01.121511,2024-12-24
N/A,$49.98,"4,180",N/A,https://m.media-amazon.com/images/I/71thuFyPy3L._AC_UY218_.jpg,2024-12-24T23:11:01.127510,2024-12-24
N/A,$39.99,693,N/A,https://m.media-amazon.com/images/I/71GA-xkPdwL._AC_UY218_.jpg,2024-12-24T23:11:01.134511,2024-12-24
N/A,$34.99,"4,383",N/A,https://m.media-amazon.com/images/I/61aza8PGr+L._AC_UY218_.jpg,2024-12-24T23:11:01.137511,2024-12-24
N/A,$18.19,"49,966",N/A,https://m.media-amazon.com/images/I/51o6ogGlR5L._AC_UY218_.jpg,2024-12-24T23:11:01.141511,2024-12-24
N/A,$79.99,"1,266",N/A,https://m.media-amazon.com/images/I/8135Jq2G6AL._AC_UY218_.jpg,2024-12-24T23:11:01.145511,2024-12-24
N/A,$71.96,"2,816",N/A,https://m.media-amazon.com/images/I/61p5MSugdCL._AC_UY218_.jpg,2024-12-24T23:11:01.151514,2024-12-24
N/A,$37.98,"10,199",N/A,https://m.media-amazon.com/images/I/81UVhXfnT9L._AC_UY218_.jpg,2024-12-24T23:11:01.157514,2024-12-24
N/A,$69.95,"3,220",N/A,https://m.media-amazon.com/images/I/716Eb-lpuLL._AC_UY218_.jpg,2024-12-24T23:11:01.162513,2024-12-24
N/A,$29.99,68,N/A,https://m.media-amazon.com/images/I/71prgRvOLHL._AC_UY218_.jpg,2024-12-24T23:11:01.173510,2024-12-24
N/A,$69.98,"9,008",N/A,https://m.media-amazon.com/images/I/716Ap-eCdtL._AC_UY218_.jpg,2024-12-24T23:11:01.179511,2024-12-24
N/A,$219.99,44,N/A,https://m.media-amazon.com/images/I/81VqCVNnVTL._AC_UL640_QL65_.jpg,2024-12-24T23:11:01.185547,2024-12-24
N/A,$36.99,1,N/A,https://m.media-amazon.com/images/I/61j6I5n1I0L._AC_UY218_.jpg,2024-12-24T23:11:06.290285,2024-12-24
N/A,$139.99,388,N/A,https://m.media-amazon.com/images/I/81xZRPMy31L._AC_UY218_.jpg,2024-12-24T23:11:06.295285,2024-12-24
N/A,$69.95,"3,220",N/A,https://m.media-amazon.com/images/I/716Eb-lpuLL._AC_UY218_.jpg,2024-12-24T23:11:06.307282,2024-12-24
N/A,$39.99,693,N/A,https://m.media-amazon.com/images/I/71GA-xkPdwL._AC_UL320_.jpg,2024-12-24T23:11:06.332286,2024-12-24
N/A,$39.99,693,N/A,https://m.media-amazon.com/images/I/71GA-xkPdwL._AC_UL320_.jpg,2024-12-24T23:11:06.337282,2024-12-24
N/A,$25.99,"1,546",N/A,https://m.media-amazon.com/images/I/81p9DPknjLL._AC_UL320_.jpg,2024-12-24T23:11:06.340282,2024-12-24
N/A,$39.99,"7,211",N/A,https://m.media-amazon.com/images/I/718yxonHN8L._AC_UL320_.jpg,2024-12-24T23:11:06.343282,2024-12-24
N/A,$65.99,"9,978",N/A,https://m.media-amazon.com/images/I/71i3Xb+kNTL._AC_UL320_.jpg,2024-12-24T23:11:06.350287,2024-12-24
N/A,$69.98,"9,008",N/A,https://m.media-amazon.com/images/I/716Ap-eCdtL._AC_UL320_.jpg,2024-12-24T23:11:06.360286,2024-12-24
N/A,$44.20,365,N/A,https://m.media-amazon.com/images/I/61JdoSNoVzL._AC_UY218_.jpg,2024-12-24T23:11:06.373284,2024-12-24
N/A,$18.99,"1,352",N/A,https://m.media-amazon.com/images/I/71ULVUlIBIL._AC_UY218_.jpg,2024-12-24T23:11:06.381287,2024-12-24
N/A,$199.00,"1,589",N/A,https://m.media-amazon.com/images/I/61E00G0GLpL._AC_UY218_.jpg,2024-12-24T23:11:06.388282,2024-12-24
N/A,$48.05,"9,995",N/A,https://m.media-amazon.com/images/I/71OOgoz72tL._AC_UY218_.jpg,2024-12-24T23:11:06.393285,2024-12-24
N/A,$78.99,"12,460",N/A,https://m.media-amazon.com/images/I/71tllTwdKxL._AC_UY218_.jpg,2024-12-24T23:11:06.397284,2024-12-24
N/A,$42.35,5,N/A,https://m.media-amazon.com/images/I/41sum1XDhhL._AC_UY218_.jpg,2024-12-24T23:11:06.402282,2024-12-24
N/A,$83.99,"18,272",N/A,https://m.media-amazon.com/images/I/71o5w0ZfptL._AC_UY218_.jpg,2024-12-24T23:11:06.409284,2024-12-24
N/A,$11.89,"1,075",N/A,https://m.media-amazon.com/images/I/81XOQ6VR+eL._AC_UY218_.jpg,2024-12-24T23:11:06.413287,2024-12-24
N/A,$49.99,"1,316",N/A,https://m.media-amazon.com/images/I/71G0o6lUMIL._AC_UY218_.jpg,2024-12-24T23:11:06.420283,2024-12-24
N/A,$172.52,864,N/A,https://m.media-amazon.com/images/I/71tgRKPg-EL._AC_UY218_.jpg,2024-12-24T23:11:06.424284,2024-12-24
N/A,$49.98,"4,180",N/A,https://m.media-amazon.com/images/I/71thuFyPy3L._AC_UY218_.jpg,2024-12-24T23:11:06.428282,2024-12-24
N/A,$79.00,"9,649",N/A,https://m.media-amazon.com/images/I/81h2jgk-SaL._AC_UY218_.jpg,2024-12-24T23:11:06.433282,2024-12-24
N/A,$159.99,"3,671",N/A,https://m.media-amazon.com/images/I/71zmXSlm0hL._AC_UY218_.jpg,2024-12-24T23:11:06.437287,2024-12-24
N/A,$90.99,30,N/A,https://m.media-amazon.com/images/I/811feK6j2ZL._AC_UY218_.jpg,2024-12-24T23:11:06.449288,2024-12-24
N/A,$69.99,2 sizes,N/A,https://m.media-amazon.com/images/I/81PdWvZcOBL._AC_UY218_.jpg,2024-12-24T23:11:06.454283,2024-12-24
N/A,$25.99,"1,546",N/A,https://m.media-amazon.com/images/I/81p9DPknjLL._AC_UY218_.jpg,2024-12-24T23:11:06.459283,2024-12-24
N/A,$36.99,1,N/A,https://m.media-amazon.com/images/I/61j6I5n1I0L._AC_UY218_.jpg,2024-12-24T23:11:11.746090,2024-12-24
N/A,$209.99,4,N/A,https://m.media-amazon.com/images/I/7147KUMxg0L._AC_UY218_.jpg,2024-12-24T23:11:11.753087,2024-12-24
N/A,$25.99,"2,285",N/A,https://m.media-amazon.com/images/I/715MdMHfsJL._AC_UY218_.jpg,2024-12-24T23:11:11.775096,2024-12-24
N/A,$174.99,102,N/A,https://m.media-amazon.com/images/I/81kLF0BDSSL._AC_UY218_.jpg,2024-12-24T23:11:11.782088,2024-12-24
N/A,$39.99,"7,211",N/A,https://m.media-amazon.com/images/I/718yxonHN8L._AC_UL320_.jpg,2024-12-24T23:11:11.835091,2024-12-24
N/A,$39.99,"7,211",N/A,https://m.media-amazon.com/images/I/718yxonHN8L._AC_UL320_.jpg,2024-12-24T23:11:11.845092,2024-12-24
N/A,$25.99,"1,546",N/A,https://m.media-amazon.com/images/I/81p9DPknjLL._AC_UL320_.jpg,2024-12-24T23:11:11.859093,2024-12-24
N/A,$39.99,693,N/A,https://m.media-amazon.com/images/I/71GA-xkPdwL._AC_UL320_.jpg,2024-12-24T23:11:11.868094,2024-12-24
N/A,$39.99,"18,756",N/A,https://m.media-amazon.com/images/I/81djh1gfUwL._AC_UL320_.jpg,2024-12-24T23:11:11.906093,2024-12-24
N/A,$49.98,"4,180",N/A,https://m.media-amazon.com/images/I/71thuFyPy3L._AC_UL320_.jpg,2024-12-24T23:11:11.921149,2024-12-24
N/A,$39.99,"23,403",N/A,https://m.media-amazon.com/images/I/71jnC5VAtmL._AC_UL640_QL65_.jpg,2024-12-24T23:11:11.949091,2024-12-24
N/A,$147.99,914,N/A,https://m.media-amazon.com/images/I/91jJHfAN1+L._AC_UY218_.jpg,2024-12-24T23:11:11.977089,2024-12-24
N/A,$39.99,"7,211",N/A,https://m.media-amazon.com/images/I/718yxonHN8L._AC_UY218_.jpg,2024-12-24T23:11:12.048093,2024-12-24
N/A,$129.99,"2,384",N/A,https://m.media-amazon.com/images/I/71O1lW4PXQL._AC_UY218_.jpg,2024-12-24T23:11:12.082094,2024-12-24
N/A,$25.99,"1,837",N/A,https://m.media-amazon.com/images/I/71j6tCaOLOL._AC_UY218_.jpg,2024-12-24T23:11:12.095089,2024-12-24
N/A,$49.99,"5,326",N/A,https://m.media-amazon.com/images/I/81b1vgAABmL._AC_UY218_.jpg,2024-12-24T23:11:12.109824,2024-12-24
N/A,$29.99,68,N/A,https://m.media-amazon.com/images/I/71prgRvOLHL._AC_UY218_.jpg,2024-12-24T23:11:12.124556,2024-12-24
N/A,$49.98,"4,180",N/A,https://m.media-amazon.com/images/I/71thuFyPy3L._AC_UY218_.jpg,2024-12-24T23:11:12.149091,2024-12-24
N/A,$140.77,"5,896",N/A,https://m.media-amazon.com/images/I/71WhwFF4bTL._AC_UY218_.jpg,2024-12-24T23:11:12.165096,2024-12-24
N/A,$49.99,"4,980",N/A,https://m.media-amazon.com/images/I/81CZ8-g-CwL._AC_UY218_.jpg,2024-12-24T23:11:12.177093,2024-12-24
N/A,$19.80,303,N/A,https://m.media-amazon.com/images/I/81DqqEbKVDL._AC_UY218_.jpg,2024-12-24T23:11:12.191095,2024-12-24
N/A,$27.99,"16,119",N/A,https://m.media-amazon.com/images/I/81huW70e42L._AC_UY218_.jpg,2024-12-24T23:11:12.207688,2024-12-24
N/A,$12.99,"2,297",N/A,https://m.media-amazon.com/images/I/71EbI4Y-hfL._AC_UY218_.jpg,2024-12-24T23:11:12.228689,2024-12-24
N/A,$69.95,28,N/A,https://m.media-amazon.com/images/I/71YtvwJl+2L._AC_UY218_.jpg,2024-12-24T23:11:12.240686,2024-12-24
N/A,$90.99,"1,837",N/A,https://m.media-amazon.com/images/I/71kzQ1lgpqL._AC_UY218_.jpg,2024-12-24T23:11:12.252687,2024-12-24
N/A,$39.99,"7,211",N/A,https://m.media-amazon.com/images/I/718yxonHN8L._AC_UY218_.jpg,2024-12-24T23:11:12.285689,2024-12-24
N/A,$69.98,"9,008",N/A,https://m.media-amazon.com/images/I/716Ap-eCdtL._AC_UY218_.jpg,2024-12-24T23:11:12.300689,2024-12-24
N/A,$219.99,44,N/A,https://m.media-amazon.com/images/I/81VqCVNnVTL._AC_UL640_QL65_.jpg,2024-12-24T23:11:12.313690,2024-12-24
N/A,$36.99,1,N/A,https://m.media-amazon.com/images/I/61j6I5n1I0L._AC_UY218_.jpg,2024-12-24T23:11:19.144825,2024-12-24
N/A,$29.99,68,N/A,https://m.media-amazon.com/images/I/71prgRvOLHL._AC_UY218_.jpg,2024-12-24T23:11:19.150831,2024-12-24
N/A,$69.95,28,N/A,https://m.media-amazon.com/images/I/71YtvwJl+2L._AC_UY218_.jpg,2024-12-24T23:11:19.155828,2024-12-24
N/A,$90.99,"1,837",N/A,https://m.media-amazon.com/images/I/71kzQ1lgpqL._AC_UY218_.jpg,2024-12-24T23:11:19.160826,2024-12-24
N/A,$84.99,"1,567",N/A,https://m.media-amazon.com/images/I/31+v-tmb11L._AC_UY218_.jpg,2024-12-24T23:11:19.171823,2024-12-24
N/A,$39.99,"7,211",N/A,https://m.media-amazon.com/images/I/718yxonHN8L._AC_UL320_.jpg,2024-12-24T23:11:19.198825,2024-12-24
N/A,$39.99,"7,211",N/A,https://m.media-amazon.com/images/I/718yxonHN8L._AC_UL320_.jpg,2024-12-24T23:11:19.212825,2024-12-24
N/A,$25.99,"1,546",N/A,https://m.media-amazon.com/images/I/81p9DPknjLL._AC_UL320_.jpg,2024-12-24T23:11:19.223825,2024-12-24
N/A,$39.99,693,N/A,https://m.media-amazon.com/images/I/71GA-xkPdwL._AC_UL320_.jpg,2024-12-24T23:11:19.258825,2024-12-24
N/A,$39.99,"18,756",N/A,https://m.media-amazon.com/images/I/81djh1gfUwL._AC_UL320_.jpg,2024-12-24T23:11:19.293825,2024-12-24
N/A,$49.98,"4,180",N/A,https://m.media-amazon.com/images/I/71thuFyPy3L._AC_UL320_.jpg,2024-12-24T23:11:19.305826,2024-12-24
N/A,$299.99,301,N/A,https://m.media-amazon.com/images/I/61fD3NJRtYL._AC_UY218_.jpg,2024-12-24T23:11:19.331514,2024-12-24
N/A,$49.99,"1,500",N/A,https://m.media-amazon.com/images/I/81iv7cb4k5L._AC_UY218_.jpg,2024-12-24T23:11:19.343891,2024-12-24
N/A,$450.13,"1,283",N/A,https://m.media-amazon.com/images/I/71PucS6gjrL._AC_UY218_.jpg,2024-12-24T23:11:19.353564,2024-12-24
N/A,$269.00,"3,214",N/A,https://m.media-amazon.com/images/I/71-9J2yMwgL._AC_UY218_.jpg,2024-12-24T23:11:19.362575,2024-12-24
N/A,$99.99,"1,905",N/A,https://m.media-amazon.com/images/I/71eI3KS5T+L._AC_UY218_.jpg,2024-12-24T23:11:19.373575,2024-12-24
N/A,$39.99,"7,211",N/A,https://m.media-amazon.com/images/I/718yxonHN8L._AC_UY218_.jpg,2024-12-24T23:11:19.385574,2024-12-24
N/A,$39.99,693,N/A,https://m.media-amazon.com/images/I/71GA-xkPdwL._AC_UY218_.jpg,2024-12-24T23:11:19.398574,2024-12-24
N/A,$39.99,13,N/A,https://m.media-amazon.com/images/I/81LD-iNz12L._AC_UY218_.jpg,2024-12-24T23:11:19.406575,2024-12-24
N/A,$67.99,3 sizes,N/A,https://m.media-amazon.com/images/I/71fUCtgWRfL._AC_UY218_.jpg,2024-12-24T23:11:19.415573,2024-12-24
N/A,$69.99,"9,338",N/A,https://m.media-amazon.com/images/I/81A50diyXxL._AC_UY218_.jpg,2024-12-24T23:11:19.426767,2024-12-24
N/A,$18.99,"13,731",N/A,https://m.media-amazon.com/images/I/71uB2LsAY6L._AC_UY218_.jpg,2024-12-24T23:11:19.431765,2024-12-24
N/A,$42.99,264,N/A,https://m.media-amazon.com/images/I/91EWQlkVx3L._AC_UY218_.jpg,2024-12-24T23:11:19.435766,2024-12-24
N/A,$24.99,35,N/A,https://m.media-amazon.com/images/I/81PDQwVtIsL._AC_UY218_.jpg,2024-12-24T23:11:19.440766,2024-12-24
N/A,$139.99,100,N/A,https://m.media-amazon.com/images/I/71ZCwPqm98L._AC_UY218_.jpg,2024-12-24T23:11:19.445767,2024-12-24
N/A,$55.00,3 sizes,N/A,https://m.media-amazon.com/images/I/51f9hLAEuPL._AC_UY218_.jpg,2024-12-24T23:11:19.456767,2024-12-24
N/A,$39.99,"18,756",N/A,https://m.media-amazon.com/images/I/81djh1gfUwL._AC_UY218_.jpg,2024-12-24T23:11:19.476768,2024-12-24
N/A,$25.99,"1,546",N/A,https://m.media-amazon.com/images/I/81p9DPknjLL._AC_UY218_.jpg,2024-12-24T23:11:19.489767,2024-12-24
N/A,$127.99,"1,241",N/A,https://m.media-amazon.com/images/I/711X0g9zd5L._AC_UY218_.jpg,2024-12-24T23:11:26.387361,2024-12-24
N/A,$79.99,749,N/A,https://m.media-amazon.com/images/I/71+s5fiR3RL._AC_UY218_.jpg,2024-12-24T23:11:26.396358,2024-12-24
N/A,$69.99,227,N/A,https://m.media-amazon.com/images/I/71g4VJreiqL._AC_UL320_.jpg,2024-12-24T23:11:26.422359,2024-12-24
N/A,$69.99,227,N/A,https://m.media-amazon.com/images/I/71g4VJreiqL._AC_UL320_.jpg,2024-12-24T23:11:26.427361,2024-12-24
N/A,$79.99,251,N/A,https://m.media-amazon.com/images/I/813R9KPtFKL._AC_UL320_.jpg,2024-12-24T23:11:26.431357,2024-12-24
N/A,$89.88,67,N/A,https://m.media-amazon.com/images/I/71F31x+017L._AC_UL320_.jpg,2024-12-24T23:11:26.434358,2024-12-24
N/A,$249.99,811,N/A,https://m.media-amazon.com/images/I/712MDOjV0mL._AC_UL320_.jpg,2024-12-24T23:11:26.438357,2024-12-24
N/A,$99.99,154,N/A,https://m.media-amazon.com/images/I/71aoBTciGkL._AC_UL320_.jpg,2024-12-24T23:11:26.450362,2024-12-24
N/A,$127.99,"1,241",N/A,https://m.media-amazon.com/images/I/711X0g9zd5L._AC_UL640_QL65_.jpg,2024-12-24T23:11:26.460360,2024-12-24
N/A,$38.99,130,N/A,https://m.media-amazon.com/images/I/91938IFs98L._AC_UY218_.jpg,2024-12-24T23:11:26.465358,2024-12-24
N/A,$64.99,161,N/A,https://m.media-amazon.com/images/I/71oOnrrMo+L._AC_UY218_.jpg,2024-12-24T23:11:26.473363,2024-12-24
N/A,$149.00,"1,236",N/A,https://m.media-amazon.com/images/I/5186bjryKaL._AC_UY218_.jpg,2024-12-24T23:11:26.480390,2024-12-24
N/A,$49.99,"27,241",N/A,https://m.media-amazon.com/images/I/61L69xWQ22L._AC_UY218_.jpg,2024-12-24T23:11:26.484392,2024-12-24
N/A,$149.99,64,N/A,https://m.media-amazon.com/images/I/81qnmrtBjVL._AC_UY218_.jpg,2024-12-24T23:11:26.497358,2024-12-24
N/A,$159.99,47,N/A,https://m.media-amazon.com/images/I/81BUXZDhppL._AC_UY218_.jpg,2024-12-24T23:11:26.511360,2024-12-24
N/A,$179.99,911,N/A,https://m.media-amazon.com/images/I/81C9A0E+8TL._AC_UY218_.jpg,2024-12-24T23:11:26.517358,2024-12-24
N/A,$99.99,139,N/A,https://m.media-amazon.com/images/I/71uTMF3DcIL._AC_UY218_.jpg,2024-12-24T23:11:26.523357,2024-12-24
N/A,$135.99,812,N/A,https://m.media-amazon.com/images/I/71pUihgm1OL._AC_UY218_.jpg,2024-12-24T23:11:26.528357,2024-12-24
N/A,$79.98,1,N/A,https://m.media-amazon.com/images/I/61FuZpcUpGL._AC_UY218_.jpg,2024-12-24T23:11:26.534361,2024-12-24
N/A,$59.99,442,N/A,https://m.media-amazon.com/images/I/81ub66qWvlL._AC_UY218_.jpg,2024-12-24T23:11:26.538357,2024-12-24
N/A,$39.59,642,N/A,https://m.media-amazon.com/images/I/61uPaQRoanL._AC_UY218_.jpg,2024-12-24T23:11:26.543359,2024-12-24
N/A,$109.99,429,N/A,https://m.media-amazon.com/images/I/71WCUJG3L8L._AC_UY218_.jpg,2024-12-24T23:11:26.550360,2024-12-24
N/A,$24.21,"2,613",N/A,https://m.media-amazon.com/images/I/61hvAriwWmL._AC_UY218_.jpg,2024-12-24T23:11:26.554357,2024-12-24
N/A,"$1,535.54",558,N/A,https://m.media-amazon.com/images/I/71ArHX1M56L._AC_UL320_.jpg,2024-12-24T23:11:26.580359,2024-12-24
N/A,"$1,535.54",558,N/A,https://m.media-amazon.com/images/I/71ArHX1M56L._AC_UL320_.jpg,2024-12-24T23:11:26.583357,2024-12-24
N/A,$249.99,811,N/A,https://m.media-amazon.com/images/I/712MDOjV0mL._AC_UL320_.jpg,2024-12-24T23:11:26.588357,2024-12-24
N/A,$99.99,191,N/A,https://m.media-amazon.com/images/I/61O+SIUnipL._AC_UL320_.jpg,2024-12-24T23:11:26.592357,2024-12-24
N/A,$299.99,472,N/A,https://m.media-amazon.com/images/I/61wL5K2sm0L._AC_UL320_.jpg,2024-12-24T23:11:26.597360,2024-12-24
N/A,$179.99,"1,241",N/A,https://m.media-amazon.com/images/I/71k-RBRGypL._AC_UL320_.jpg,2024-12-24T23:11:26.604359,2024-12-24
N/A,"$2,499.00",63,N/A,https://m.media-amazon.com/images/I/71z7B11WBlL._AC_UY218_.jpg,2024-12-24T23:11:36.767559,2024-12-24
N/A,$69.99,227,N/A,https://m.media-amazon.com/images/I/71g4VJreiqL._AC_UY218_.jpg,2024-12-24T23:11:36.771559,2024-12-24
N/A,$379.99,"2,664",N/A,https://m.media-amazon.com/images/I/61OgrFcqSPL._AC_UY218_.jpg,2024-12-24T23:11:36.779558,2024-12-24
N/A,$28.48,"3,357",N/A,https://m.media-amazon.com/images/I/61E7II5XyjL._AC_UY218_.jpg,2024-12-24T23:11:36.785559,2024-12-24
N/A,$69.99,227,N/A,https://m.media-amazon.com/images/I/71g4VJreiqL._AC_UL320_.jpg,2024-12-24T23:11:36.799559,2024-12-24
N/A,$69.99,227,N/A,https://m.media-amazon.com/images/I/71g4VJreiqL._AC_UL320_.jpg,2024-12-24T23:11:36.802559,2024-12-24
N/A,$22.99,"13,057",N/A,https://m.media-amazon.com/images/I/71SbhsSkfYL._AC_UL320_.jpg,2024-12-24T23:11:36.805559,2024-12-24
N/A,$399.00,811,N/A,https://m.media-amazon.com/images/I/71o1TZYoqIL._AC_UL320_.jpg,2024-12-24T23:11:36.813564,2024-12-24
N/A,$99.99,191,N/A,https://m.media-amazon.com/images/I/61O+SIUnipL._AC_UL320_.jpg,2024-12-24T23:11:36.821559,2024-12-24
N/A,$189.99,40,N/A,https://m.media-amazon.com/images/I/71x5MREd-9L._AC_UL320_.jpg,2024-12-24T23:11:36.825564,2024-12-24
N/A,$129.99,"1,165",N/A,https://m.media-amazon.com/images/I/71ERJaaIqGL._AC_UY218_.jpg,2024-12-24T23:11:36.829559,2024-12-24
N/A,$79.99,"2,089",N/A,https://m.media-amazon.com/images/I/71i1zax59rL._AC_UY218_.jpg,2024-12-24T23:11:36.833559,2024-12-24
N/A,$447.99,"3,595",N/A,https://m.media-amazon.com/images/I/81DiHPULy2L._AC_UY218_.jpg,2024-12-24T23:11:36.838559,2024-12-24
N/A,$47.99,"9,432",N/A,https://m.media-amazon.com/images/I/610iZX9CHPL._AC_UY218_.jpg,2024-12-24T23:11:36.848561,2024-12-24
N/A,$159.00,"2,765",N/A,https://m.media-amazon.com/images/I/619tia+v3UL._AC_UY218_.jpg,2024-12-24T23:11:36.853560,2024-12-24
N/A,$189.99,2,N/A,https://m.media-amazon.com/images/I/81d3zyvmraL._AC_UY218_.jpg,2024-12-24T23:11:36.866560,2024-12-24
N/A,$22.99,"13,057",N/A,https://m.media-amazon.com/images/I/71SbhsSkfYL._AC_UY218_.jpg,2024-12-24T23:11:36.873566,2024-12-24
N/A,$126.65,"1,884",N/A,https://m.media-amazon.com/images/I/71JbgMHA5nL._AC_UY218_.jpg,2024-12-24T23:11:36.877559,2024-12-24
N/A,$249.00,368,N/A,https://m.media-amazon.com/images/I/71p5V8+OnfL._AC_UY218_.jpg,2024-12-24T23:11:36.881559,2024-12-24
N/A,$89.99,"1,836",N/A,https://m.media-amazon.com/images/I/61KY5F1Cs6L._AC_UY218_.jpg,2024-12-24T23:11:36.885559,2024-12-24
N/A,$499.99,223,N/A,https://m.media-amazon.com/images/I/61ot6jAYViL._AC_UY218_.jpg,2024-12-24T23:11:36.896559,2024-12-24
N/A,$145.95,"1,217",N/A,https://m.media-amazon.com/images/I/81eRWlXWBPL._AC_UY218_.jpg,2024-12-24T23:11:36.900559,2024-12-24
N/A,$519.00,"1,006",N/A,https://m.media-amazon.com/images/I/61tukvVUMiL._AC_UY218_.jpg,2024-12-24T23:11:36.904559,2024-12-24
N/A,$59.96,"21,016",N/A,https://m.media-amazon.com/images/I/31keugPAjdL._AC_UY218_.jpg,2024-12-24T23:11:36.911562,2024-12-24
N/A,$49.99,9,N/A,https://m.media-amazon.com/images/I/51t8hF9kL-L._AC_UY218_.jpg,2024-12-24T23:11:36.921563,2024-12-24
N/A,$39.99,8,N/A,https://m.media-amazon.com/images/I/61+eJQLkzcL._AC_UY218_.jpg,2024-12-24T23:11:36.929560,2024-12-24
N/A,$127.99,"1,241",N/A,https://m.media-amazon.com/images/I/711X0g9zd5L._AC_UL640_QL65_.jpg,2024-12-24T23:11:36.936563,2024-12-24
N/A,"$2,499.00",63,N/A,https://m.media-amazon.com/images/I/71z7B11WBlL._AC_UY218_.jpg,2024-12-24T23:11:43.826177,2024-12-24
N/A,$69.99,227,N/A,https://m.media-amazon.com/images/I/71g4VJreiqL._AC_UY218_.jpg,2024-12-24T23:11:43.835180,2024-12-24
N/A,$25.99,"8,145",N/A,https://m.media-amazon.com/images/I/61GJd-Jue9L._AC_UY218_.jpg,2024-12-24T23:11:43.841174,2024-12-24
N/A,$89.99,"2,584",N/A,https://m.media-amazon.com/images/I/71XjuW0u+oL._AC_UY218_.jpg,2024-12-24T23:11:43.852172,2024-12-24
N/A,$99.99,"6,141",N/A,https://m.media-amazon.com/images/I/61xQkJ7hLdL._AC_UY218_.jpg,2024-12-24T23:11:43.860173,2024-12-24
N/A,$69.99,227,N/A,https://m.media-amazon.com/images/I/71g4VJreiqL._AC_UL320_.jpg,2024-12-24T23:11:43.886175,2024-12-24
N/A,$69.99,227,N/A,https://m.media-amazon.com/images/I/71g4VJreiqL._AC_UL320_.jpg,2024-12-24T23:11:43.890174,2024-12-24
N/A,$399.99,558,N/A,https://m.media-amazon.com/images/I/61Nw5mkNdHL._AC_UL320_.jpg,2024-12-24T23:11:43.894172,2024-12-24
N/A,$299.99,"1,737",N/A,https://m.media-amazon.com/images/I/51Dw9T0CddL._AC_UL320_.jpg,2024-12-24T23:11:43.898172,2024-12-24
N/A,$899.99,148,N/A,https://m.media-amazon.com/images/I/71M3oT24RYL._AC_UL320_.jpg,2024-12-24T23:11:43.902171,2024-12-24
N/A,$189.99,40,N/A,https://m.media-amazon.com/images/I/71x5MREd-9L._AC_UL320_.jpg,2024-12-24T23:11:43.908179,2024-12-24
N/A,$39.99,158,N/A,https://m.media-amazon.com/images/I/71yG0R6Rx6L._AC_UY218_.jpg,2024-12-24T23:11:43.942173,2024-12-24
N/A,$209.00,"2,701",N/A,https://m.media-amazon.com/images/I/61l2P9RV24L._AC_UY218_.jpg,2024-12-24T23:11:43.951170,2024-12-24
N/A,$99.99,90,N/A,https://m.media-amazon.com/images/I/81yIIPoEJdL._AC_UY218_.jpg,2024-12-24T23:11:43.955169,2024-12-24
N/A,$189.00,303,N/A,https://m.media-amazon.com/images/I/81Wywy4nmhL._AC_UY218_.jpg,2024-12-24T23:11:43.960169,2024-12-24
N/A,$59.99,"3,624",N/A,https://m.media-amazon.com/images/I/71uNMozN-6L._AC_UY218_.jpg,2024-12-24T23:11:43.965169,2024-12-24
N/A,$49.99,9,N/A,https://m.media-amazon.com/images/I/51t8hF9kL-L._AC_UY218_.jpg,2024-12-24T23:11:43.972170,2024-12-24
N/A,$249.99,14,N/A,https://m.media-amazon.com/images/I/71EhA3DNAFL._AC_UY218_.jpg,2024-12-24T23:11:43.978169,2024-12-24
N/A,$79.99,"29,411",N/A,https://m.media-amazon.com/images/I/61UZavYE9TL._AC_UY218_.jpg,2024-12-24T23:11:43.982169,2024-12-24
N/A,$119.99,"6,152",N/A,https://m.media-amazon.com/images/I/31750hI5MLL._AC_UY218_.jpg,2024-12-24T23:11:43.988170,2024-12-24
N/A,$25.98,"3,695",N/A,https://m.media-amazon.com/images/I/51IxtP5Y51L._AC_UY218_.jpg,2024-12-24T23:11:43.993169,2024-12-24
N/A,$99.98,691,N/A,https://m.media-amazon.com/images/I/61je--HSHOL._AC_UY218_.jpg,2024-12-24T23:11:44.002193,2024-12-24
N/A,$139.95,"5,550",N/A,https://m.media-amazon.com/images/I/81+kQf+HtQL._AC_UY218_.jpg,2024-12-24T23:11:44.007174,2024-12-24
N/A,$179.00,237,N/A,https://m.media-amazon.com/images/I/61GQA1yUSVL._AC_UY218_.jpg,2024-12-24T23:11:44.011170,2024-12-24
N/A,$414.00,118,N/A,https://m.media-amazon.com/images/I/91wMvzaHScL._AC_UY218_.jpg,2024-12-24T23:11:44.016172,2024-12-24
N/A,$149.95,"4,258",N/A,https://m.media-amazon.com/images/I/71H2GGFS5qL._AC_UY218_.jpg,2024-12-24T23:11:44.022170,2024-12-24
N/A,$99.99,222,N/A,https://m.media-amazon.com/images/I/81pdK1vK3uL._AC_UY218_.jpg,2024-12-24T23:11:44.028169,2024-12-24
N/A,$299.00,101,N/A,https://m.media-amazon.com/images/I/61w6J4B+S2L._AC_UY218_.jpg,2024-12-24T23:11:44.034169,2024-12-24
N/A,$69.99,227,N/A,https://m.media-amazon.com/images/I/71g4VJreiqL._AC_UY218_.jpg,2024-12-24T23:11:50.303328,2024-12-24
N/A,$76.00,"4,559",N/A,https://m.media-amazon.com/images/I/41TupDmo90L._AC_UY218_.jpg,2024-12-24T23:11:50.309328,2024-12-24
N/A,$142.00,465,N/A,https://m.media-amazon.com/images/I/61VsJsjJ-kL._AC_UY218_.jpg,2024-12-24T23:11:50.315340,2024-12-24
N/A,$119.99,773,N/A,https://m.media-amazon.com/images/I/61FniSY9QjL._AC_UY218_.jpg,2024-12-24T23:11:50.320327,2024-12-24
N/A,$399.99,558,N/A,https://m.media-amazon.com/images/I/61Nw5mkNdHL._AC_UL320_.jpg,2024-12-24T23:11:50.336325,2024-12-24
N/A,$399.99,558,N/A,https://m.media-amazon.com/images/I/61Nw5mkNdHL._AC_UL320_.jpg,2024-12-24T23:11:50.340345,2024-12-24
N/A,$69.99,227,N/A,https://m.media-amazon.com/images/I/71g4VJreiqL._AC_UL320_.jpg,2024-12-24T23:11:50.345327,2024-12-24
N/A,$399.00,811,N/A,https://m.media-amazon.com/images/I/71o1TZYoqIL._AC_UL320_.jpg,2024-12-24T23:11:50.350326,2024-12-24
N/A,$299.99,"1,737",N/A,https://m.media-amazon.com/images/I/51Dw9T0CddL._AC_UL320_.jpg,2024-12-24T23:11:50.353326,2024-12-24
N/A,$899.99,148,N/A,https://m.media-amazon.com/images/I/71M3oT24RYL._AC_UL320_.jpg,2024-12-24T23:11:50.358326,2024-12-24
N/A,$39.99,765,N/A,https://m.media-amazon.com/images/I/71XEKlCf2xL._AC_UY218_.jpg,2024-12-24T23:11:50.367325,2024-12-24
N/A,$69.00,"1,157",N/A,https://m.media-amazon.com/images/I/81sIesAHS+L._AC_UY218_.jpg,2024-12-24T23:11:50.371327,2024-12-24
N/A,$34.99,"3,779",N/A,https://m.media-amazon.com/images/I/51PA7a-6JnL._AC_UY218_.jpg,2024-12-24T23:11:50.377329,2024-12-24
N/A,$89.95,"2,825",N/A,https://m.media-amazon.com/images/I/71PdxVndA9L._AC_UY218_.jpg,2024-12-24T23:11:50.382329,2024-12-24
N/A,$199.99,15,N/A,https://m.media-amazon.com/images/I/71r3kT6F5jL._AC_UY218_.jpg,2024-12-24T23:11:50.387329,2024-12-24
N/A,"$2,499.00",63,N/A,https://m.media-amazon.com/images/I/71z7B11WBlL._AC_UY218_.jpg,2024-12-24T23:11:50.416325,2024-12-24
N/A,$99.99,288,N/A,https://m.media-amazon.com/images/I/71JjCECxpxL._AC_UY218_.jpg,2024-12-24T23:11:50.421328,2024-12-24
N/A,$69.99,"12,289",N/A,https://m.media-amazon.com/images/I/51NidkzbQqL._AC_UY218_.jpg,2024-12-24T23:11:50.431327,2024-12-24
N/A,$59.99,"7,095",N/A,https://m.media-amazon.com/images/I/717ud8Yof8L._AC_UY218_.jpg,2024-12-24T23:11:50.440326,2024-12-24
N/A,$69.00,"3,298",N/A,https://m.media-amazon.com/images/I/61RNweTg0AL._AC_UY218_.jpg,2024-12-24T23:11:50.443325,2024-12-24
N/A,$199.00,"1,432",N/A,https://m.media-amazon.com/images/I/71xFbAN2UjL._AC_UY218_.jpg,2024-12-24T23:11:50.447325,2024-12-24
N/A,$139.95,772,N/A,https://m.media-amazon.com/images/I/71bnhhGxWDL._AC_UY218_.jpg,2024-12-24T23:11:50.452328,2024-12-24
N/A,$29.74,"5,084",N/A,https://m.media-amazon.com/images/I/61e255+medL._AC_UY218_.jpg,2024-12-24T23:11:50.462326,2024-12-24
N/A,$89.99,200,N/A,https://m.media-amazon.com/images/I/718BmYeyJ7L._AC_UY218_.jpg,2024-12-24T23:11:50.468328,2024-12-24
N/A,$829.99,4,N/A,https://m.media-amazon.com/images/I/61QSqwOCEpL._AC_UY218_.jpg,2024-12-24T23:11:50.480325,2024-12-24
N/A,$199.99,128,N/A,https://m.media-amazon.com/images/I/810iVJ1G5aL._AC_UY218_.jpg,2024-12-24T23:11:54.969912,2024-12-24
N/A,$118.99,92,N/A,https://m.media-amazon.com/images/I/71QWrOPRfFL._AC_UY218_.jpg,2024-12-24T23:11:54.977870,2024-12-24
N/A,$79.99,"19,367",N/A,https://m.media-amazon.com/images/I/71g1BmUvW1L._AC_UY218_.jpg,2024-12-24T23:11:54.989869,2024-12-24
N/A,$119.99,"1,023",N/A,https://m.media-amazon.com/images/I/819tqX2B-BL._AC_UY218_.jpg,2024-12-24T23:11:54.996870,2024-12-24
N/A,$69.99,"9,130",N/A,https://m.media-amazon.com/images/I/718bwmxETLL._AC_UY218_.jpg,2024-12-24T23:11:55.001870,2024-12-24
N/A,$399.00,35,N/A,https://m.media-amazon.com/images/I/71LgV+DgVlL._AC_UL320_.jpg,2024-12-24T23:11:55.038873,2024-12-24
N/A,$399.00,35,N/A,https://m.media-amazon.com/images/I/71LgV+DgVlL._AC_UL320_.jpg,2024-12-24T23:11:55.041869,2024-12-24
N/A,$199.99,128,N/A,https://m.media-amazon.com/images/I/810iVJ1G5aL._AC_UL320_.jpg,2024-12-24T23:11:55.046902,2024-12-24
N/A,$289.99,43,N/A,https://m.media-amazon.com/images/I/81CLhcE1qhL._AC_UL320_.jpg,2024-12-24T23:11:55.054911,2024-12-24
N/A,$239.99,82,N/A,https://m.media-amazon.com/images/I/51BajRgowQL._AC_UL320_.jpg,2024-12-24T23:11:55.060872,2024-12-24
N/A,$139.99,"1,814",N/A,https://m.media-amazon.com/images/I/81wwFLXCmzL._AC_UL320_.jpg,2024-12-24T23:11:55.066872,2024-12-24
N/A,$85.99,434,N/A,https://m.media-amazon.com/images/I/71-RZ58PUHL._AC_UY218_.jpg,2024-12-24T23:11:55.099872,2024-12-24
N/A,$69.99,48,N/A,https://m.media-amazon.com/images/I/71tkmqoXydL._AC_UY218_.jpg,2024-12-24T23:11:55.105870,2024-12-24
N/A,$57.79,"13,864",N/A,https://m.media-amazon.com/images/I/61+CDKTXYgL._AC_UY218_.jpg,2024-12-24T23:11:55.108872,2024-12-24
N/A,$119.99,812,N/A,https://m.media-amazon.com/images/I/71i5kq-QoQL._AC_UY218_.jpg,2024-12-24T23:11:55.112870,2024-12-24
N/A,$69.99,"3,736",N/A,https://m.media-amazon.com/images/I/61pKMIi0AfL._AC_UY218_.jpg,2024-12-24T23:11:55.117872,2024-12-24
N/A,$79.99,"8,448",N/A,https://m.media-amazon.com/images/I/61tEyDwCFZL._AC_UY218_.jpg,2024-12-24T23:11:55.122872,2024-12-24
N/A,$151.99,25,N/A,https://m.media-amazon.com/images/I/81CN3p6Do1L._AC_UY218_.jpg,2024-12-24T23:11:55.128869,2024-12-24
N/A,$69.99,"9,338",N/A,https://m.media-amazon.com/images/I/81A50diyXxL._AC_UY218_.jpg,2024-12-24T23:11:55.135869,2024-12-24
N/A,$49.99,"4,046",N/A,https://m.media-amazon.com/images/I/61t1W7ZCvcL._AC_UY218_.jpg,2024-12-24T23:11:55.143869,2024-12-24
N/A,$79.99,"4,688",N/A,https://m.media-amazon.com/images/I/71bPcqUviTL._AC_UY218_.jpg,2024-12-24T23:11:55.149874,2024-12-24
N/A,$55.99,"3,238",N/A,https://m.media-amazon.com/images/I/71jhuwyBXtL._AC_UY218_.jpg,2024-12-24T23:11:55.154872,2024-12-24
N/A,$89.99,173,N/A,https://m.media-amazon.com/images/I/71rQ72BvviL._AC_UY218_.jpg,2024-12-24T23:11:55.160870,2024-12-24
N/A,$299.99,209,N/A,https://m.media-amazon.com/images/I/81459O-qvkL._AC_UY218_.jpg,2024-12-24T23:11:55.164874,2024-12-24
N/A,$289.99,"4,238",N/A,https://m.media-amazon.com/images/I/71EL5jIMgGL._AC_UY218_.jpg,2024-12-24T23:11:55.169872,2024-12-24
N/A,$797.99,221,N/A,https://m.media-amazon.com/images/I/71u4IRKLTFL._AC_UY218_.jpg,2024-12-24T23:11:55.175869,2024-12-24
N/A,$399.00,35,N/A,https://m.media-amazon.com/images/I/71LgV+DgVlL._AC_UY218_.jpg,2024-12-24T23:11:55.181872,2024-12-24
N/A,$89.99,361,N/A,https://m.media-amazon.com/images/I/81P0LOcAHJL._AC_UL640_QL65_.jpg,2024-12-24T23:11:55.187872,2024-12-24
N/A,$399.00,35,N/A,https://m.media-amazon.com/images/I/71LgV+DgVlL._AC_UY218_.jpg,2024-12-24T23:12:01.941827,2024-12-24
N/A,$69.99,48,N/A,https://m.media-amazon.com/images/I/71tkmqoXydL._AC_UY218_.jpg,2024-12-24T23:12:01.950830,2024-12-24
N/A,$129.99,"1,097",N/A,https://m.media-amazon.com/images/I/81A+8IOib0L._AC_UY218_.jpg,2024-12-24T23:12:01.956826,2024-12-24
N/A,$159.99,391,N/A,https://m.media-amazon.com/images/I/71p+T53yWHL._AC_UY218_.jpg,2024-12-24T23:12:01.960827,2024-12-24
N/A,$94.99,212,N/A,https://m.media-amazon.com/images/I/71sZHXFF5zL._AC_UY218_.jpg,2024-12-24T23:12:01.966827,2024-12-24
N/A,$399.00,35,N/A,https://m.media-amazon.com/images/I/71LgV+DgVlL._AC_UL320_.jpg,2024-12-24T23:12:01.984825,2024-12-24
N/A,$399.00,35,N/A,https://m.media-amazon.com/images/I/71LgV+DgVlL._AC_UL320_.jpg,2024-12-24T23:12:01.988827,2024-12-24
N/A,"$2,799.00",42,N/A,https://m.media-amazon.com/images/I/7113BQDpU8L._AC_UL320_.jpg,2024-12-24T23:12:01.991827,2024-12-24
N/A,$199.99,128,N/A,https://m.media-amazon.com/images/I/810iVJ1G5aL._AC_UL320_.jpg,2024-12-24T23:12:01.999828,2024-12-24
N/A,$339.99,95,N/A,https://m.media-amazon.com/images/I/81PhCYl0p3L._AC_UL320_.jpg,2024-12-24T23:12:02.003830,2024-12-24
N/A,$239.99,82,N/A,https://m.media-amazon.com/images/I/51BajRgowQL._AC_UL320_.jpg,2024-12-24T23:12:02.008828,2024-12-24
N/A,$99.99,965,N/A,https://m.media-amazon.com/images/I/81UWRv9j38L._AC_UY218_.jpg,2024-12-24T23:12:02.035826,2024-12-24
N/A,$99.99,95,N/A,https://m.media-amazon.com/images/I/71ncWmjwSAL._AC_UY218_.jpg,2024-12-24T23:12:02.040830,2024-12-24
N/A,$159.99,229,N/A,https://m.media-amazon.com/images/I/71rkQLdATdL._AC_UY218_.jpg,2024-12-24T23:12:02.044858,2024-12-24
N/A,$299.99,23,N/A,https://m.media-amazon.com/images/I/61DILNfWs+L._AC_UY218_.jpg,2024-12-24T23:12:02.048862,2024-12-24
N/A,$319.99,"7,039",N/A,https://m.media-amazon.com/images/I/81HH9NTZyJL._AC_UY218_.jpg,2024-12-24T23:12:02.055831,2024-12-24
N/A,"$2,799.00",42,N/A,https://m.media-amazon.com/images/I/7113BQDpU8L._AC_UY218_.jpg,2024-12-24T23:12:02.061826,2024-12-24
N/A,$69.99,35,N/A,https://m.media-amazon.com/images/I/71ggMu2oe9L._AC_UY218_.jpg,2024-12-24T23:12:02.065867,2024-12-24
N/A,$349.99,"2,415",N/A,https://m.media-amazon.com/images/I/81+ns3u-zlL._AC_UY218_.jpg,2024-12-24T23:12:02.087829,2024-12-24
N/A,$399.99,709,N/A,https://m.media-amazon.com/images/I/61+EsQfq3AL._AC_UY218_.jpg,2024-12-24T23:12:02.097827,2024-12-24
N/A,$69.99,"4,082",N/A,https://m.media-amazon.com/images/I/61nyENEM6VL._AC_UY218_.jpg,2024-12-24T23:12:02.106829,2024-12-24
N/A,$39.99,289,N/A,https://m.media-amazon.com/images/I/818kgQoN6EL._AC_UY218_.jpg,2024-12-24T23:12:02.111830,2024-12-24
N/A,$94.99,"2,532",N/A,https://m.media-amazon.com/images/I/81R4Zo6u3eL._AC_UY218_.jpg,2024-12-24T23:12:02.117829,2024-12-24
N/A,$109.99,"1,091",N/A,https://m.media-amazon.com/images/I/61d5H17z7dL._AC_UY218_.jpg,2024-12-24T23:12:02.125862,2024-12-24
N/A,$796.99,423,N/A,https://m.media-amazon.com/images/I/81qbNi2CrQL._AC_UY218_.jpg,2024-12-24T23:12:02.131865,2024-12-24
N/A,$151.99,25,N/A,https://m.media-amazon.com/images/I/81CN3p6Do1L._AC_UY218_.jpg,2024-12-24T23:12:02.138830,2024-12-24
N/A,"$3,999.00",68,N/A,https://m.media-amazon.com/images/I/61gVKciFwtL._AC_UY218_.jpg,2024-12-24T23:12:02.144829,2024-12-24
N/A,$89.99,361,N/A,https://m.media-amazon.com/images/I/81P0LOcAHJL._AC_UL640_QL65_.jpg,2024-12-24T23:12:02.150829,2024-12-24
N/A,$495.00,12,N/A,https://m.media-amazon.com/images/I/711-b9kxt5L._AC_UY218_.jpg,2024-12-24T23:12:07.541238,2024-12-24
N/A,$61.99,20,N/A,https://m.media-amazon.com/images/I/81nEWzV-EoL._AC_UY218_.jpg,2024-12-24T23:12:07.557206,2024-12-24
N/A,$796.99,423,N/A,https://m.media-amazon.com/images/I/81qbNi2CrQL._AC_UY218_.jpg,2024-12-24T23:12:07.566203,2024-12-24
N/A,$109.99,"1,091",N/A,https://m.media-amazon.com/images/I/61d5H17z7dL._AC_UY218_.jpg,2024-12-24T23:12:07.574242,2024-12-24
N/A,$119.99,245,N/A,https://m.media-amazon.com/images/I/817YhOMLLeL._AC_UY218_.jpg,2024-12-24T23:12:07.579203,2024-12-24
N/A,$299.99,209,N/A,https://m.media-amazon.com/images/I/81459O-qvkL._AC_UL640_QL65_.jpg,2024-12-24T23:12:07.590205,2024-12-24
N/A,$399.00,35,N/A,https://m.media-amazon.com/images/I/71LgV+DgVlL._AC_UL320_.jpg,2024-12-24T23:12:07.611205,2024-12-24
N/A,$399.00,35,N/A,https://m.media-amazon.com/images/I/71LgV+DgVlL._AC_UL320_.jpg,2024-12-24T23:12:07.615236,2024-12-24
N/A,"$2,259.00",243,N/A,https://m.media-amazon.com/images/I/71+siMAMy6L._AC_UL320_.jpg,2024-12-24T23:12:07.621207,2024-12-24
N/A,"$1,999.00",112,N/A,https://m.media-amazon.com/images/I/71gU9BMO08L._AC_UL320_.jpg,2024-12-24T23:12:07.625208,2024-12-24
N/A,$79.99,101,N/A,https://m.media-amazon.com/images/I/5104lGiPrrL._AC_UL320_.jpg,2024-12-24T23:12:07.629239,2024-12-24
N/A,$599.00,234,N/A,https://m.media-amazon.com/images/I/61QRBeyTBTL._AC_UL320_.jpg,2024-12-24T23:12:07.632237,2024-12-24
N/A,$159.99,"2,022",N/A,https://m.media-amazon.com/images/I/81wz5pHp1qL._AC_UY218_.jpg,2024-12-24T23:12:07.640207,2024-12-24
N/A,$359.99,667,N/A,https://m.media-amazon.com/images/I/815V1Va+GDL._AC_UY218_.jpg,2024-12-24T23:12:07.650203,2024-12-24
N/A,$59.99,"12,923",N/A,https://m.media-amazon.com/images/I/61yHMDghICL._AC_UY218_.jpg,2024-12-24T23:12:07.658205,2024-12-24
N/A,$99.89,40,N/A,https://m.media-amazon.com/images/I/71hZSWCbaAL._AC_UY218_.jpg,2024-12-24T23:12:07.662203,2024-12-24
N/A,$189.99,"2,096",N/A,https://m.media-amazon.com/images/I/81ucLK-qmUL._AC_UY218_.jpg,2024-12-24T23:12:07.666202,2024-12-24
N/A,$139.99,464,N/A,https://m.media-amazon.com/images/I/51SLvmTCJgL._AC_UY218_.jpg,2024-12-24T23:12:07.681206,2024-12-24
N/A,"$1,999.00",112,N/A,https://m.media-amazon.com/images/I/71gU9BMO08L._AC_UY218_.jpg,2024-12-24T23:12:07.689204,2024-12-24
N/A,$219.99,"3,131",N/A,https://m.media-amazon.com/images/I/61Ycxul6qML._AC_UY218_.jpg,2024-12-24T23:12:07.693203,2024-12-24
N/A,$49.99,20,N/A,https://m.media-amazon.com/images/I/71m6Kaa92gL._AC_UY218_.jpg,2024-12-24T23:12:07.697203,2024-12-24
N/A,$99.99,48,N/A,https://m.media-amazon.com/images/I/71RDQNOL9dL._AC_UY218_.jpg,2024-12-24T23:12:07.705209,2024-12-24
N/A,$29.99,19,N/A,https://m.media-amazon.com/images/I/71REGD0J0hL._AC_UY218_.jpg,2024-12-24T23:12:07.711203,2024-12-24
N/A,$35.99,1,N/A,https://m.media-amazon.com/images/I/71tWtC+RVQL._AC_UY218_.jpg,2024-12-24T23:12:07.715202,2024-12-24
N/A,$179.99,77,N/A,https://m.media-amazon.com/images/I/51fegh2MTCL._AC_UY218_.jpg,2024-12-24T23:12:07.725203,2024-12-24
N/A,$69.99,"1,978",N/A,https://m.media-amazon.com/images/I/61kRNDZh8UL._AC_UY218_.jpg,2024-12-24T23:12:07.729202,2024-12-24
N/A,$67.98,581,N/A,https://m.media-amazon.com/images/I/81+XdtUiB+L._AC_UY218_.jpg,2024-12-24T23:12:07.738211,2024-12-24
N/A,$69.99,48,N/A,https://m.media-amazon.com/images/I/71tkmqoXydL._AC_UY218_.jpg,2024-12-24T23:12:07.744202,2024-12-24
N/A,$399.00,35,N/A,https://m.media-amazon.com/images/I/71LgV+DgVlL._AC_UY218_.jpg,2024-12-24T23:12:07.749202,2024-12-24
N/A,$89.99,361,N/A,https://m.media-amazon.com/images/I/81P0LOcAHJL._AC_UL640_QL65_.jpg,2024-12-24T23:12:07.768202,2024-12-24
N/A,$69.99,35,N/A,https://m.media-amazon.com/images/I/71ggMu2oe9L._AC_UY218_.jpg,2024-12-24T23:12:15.028155,2024-12-24
N/A,$399.00,35,N/A,https://m.media-amazon.com/images/I/71LgV+DgVlL._AC_UY218_.jpg,2024-12-24T23:12:15.053111,2024-12-24
N/A,$289.99,496,N/A,https://m.media-amazon.com/images/I/71sA-qdRxDL._AC_UY218_.jpg,2024-12-24T23:12:15.066343,2024-12-24
N/A,$97.99,263,N/A,https://m.media-amazon.com/images/I/91mukv3UnKL._AC_UY218_.jpg,2024-12-24T23:12:15.095466,2024-12-24
N/A,$89.99,"6,179",N/A,https://m.media-amazon.com/images/I/61Ra0-2X8TL._AC_UY218_.jpg,2024-12-24T23:12:15.116107,2024-12-24
N/A,$359.99,171,N/A,https://m.media-amazon.com/images/I/71HXmjpnx3L._AC_UL320_.jpg,2024-12-24T23:12:15.143197,2024-12-24
N/A,$359.99,171,N/A,https://m.media-amazon.com/images/I/71HXmjpnx3L._AC_UL320_.jpg,2024-12-24T23:12:15.146196,2024-12-24
N/A,$199.99,128,N/A,https://m.media-amazon.com/images/I/810iVJ1G5aL._AC_UL320_.jpg,2024-12-24T23:12:15.151200,2024-12-24
N/A,$899.00,98,N/A,https://m.media-amazon.com/images/I/61H-28nryEL._AC_UL320_.jpg,2024-12-24T23:12:15.162198,2024-12-24
N/A,$159.99,229,N/A,https://m.media-amazon.com/images/I/71rkQLdATdL._AC_UL320_.jpg,2024-12-24T23:12:15.167197,2024-12-24
N/A,$359.99,667,N/A,https://m.media-amazon.com/images/I/815V1Va+GDL._AC_UL320_.jpg,2024-12-24T23:12:15.182197,2024-12-24
N/A,$159.99,229,N/A,https://m.media-amazon.com/images/I/71rkQLdATdL._AC_UL640_QL65_.jpg,2024-12-24T23:12:15.191749,2024-12-24
N/A,$449.99,"1,358",N/A,https://m.media-amazon.com/images/I/81JBTjjeJjL._AC_UY218_.jpg,2024-12-24T23:12:15.199751,2024-12-24
N/A,$129.99,518,N/A,https://m.media-amazon.com/images/I/81CE+QsdNYL._AC_UY218_.jpg,2024-12-24T23:12:15.207748,2024-12-24
N/A,$239.99,503,N/A,https://m.media-amazon.com/images/I/71jGNTidWVL._AC_UY218_.jpg,2024-12-24T23:12:15.215748,2024-12-24
N/A,$99.98,"1,026",N/A,https://m.media-amazon.com/images/I/71BUUR2YkqL._AC_UY218_.jpg,2024-12-24T23:12:15.222752,2024-12-24
N/A,$189.98,377,N/A,https://m.media-amazon.com/images/I/81sOQgpz+EL._AC_UY218_.jpg,2024-12-24T23:12:15.226748,2024-12-24
N/A,"$1,899.00",108,N/A,https://m.media-amazon.com/images/I/61tRL8z15kL._AC_UY218_.jpg,2024-12-24T23:12:15.236753,2024-12-24
N/A,"$2,988.00",5,N/A,https://m.media-amazon.com/images/I/61jdF3tVmIL._AC_UY218_.jpg,2024-12-24T23:12:15.242753,2024-12-24
N/A,$379.99,93,N/A,https://m.media-amazon.com/images/I/71UumSfl4jL._AC_UY218_.jpg,2024-12-24T23:12:15.247750,2024-12-24
N/A,$75.99,245,N/A,https://m.media-amazon.com/images/I/51zXV3Iah6L._AC_UY218_.jpg,2024-12-24T23:12:15.265912,2024-12-24
N/A,$239.99,82,N/A,https://m.media-amazon.com/images/I/51BajRgowQL._AC_UY218_.jpg,2024-12-24T23:12:15.276912,2024-12-24
N/A,$99.99,17,N/A,https://m.media-amazon.com/images/I/812JGIQx8AL._AC_UY218_.jpg,2024-12-24T23:12:15.293912,2024-12-24
N/A,$99.99,13,N/A,https://m.media-amazon.com/images/I/71puAsWhE7L._AC_UY218_.jpg,2024-12-24T23:12:15.299915,2024-12-24
N/A,$49.99,70,N/A,https://m.media-amazon.com/images/I/61GhR54y+dL._AC_UY218_.jpg,2024-12-24T23:12:15.303907,2024-12-24
N/A,$69.99,122,N/A,https://m.media-amazon.com/images/I/71PMmdC4V4L._AC_UY218_.jpg,2024-12-24T23:12:15.308908,2024-12-24
N/A,$99.89,114,N/A,https://m.media-amazon.com/images/I/71YCirRkBzL._AC_UY218_.jpg,2024-12-24T23:12:15.320912,2024-12-24
N/A,$151.99,25,N/A,https://m.media-amazon.com/images/I/81CN3p6Do1L._AC_UY218_.jpg,2024-12-24T23:12:15.348911,2024-12-24
N/A,$69.99,48,N/A,https://m.media-amazon.com/images/I/71tkmqoXydL._AC_UY218_.jpg,2024-12-24T23:12:15.363907,2024-12-24
N/A,$299.99,28,N/A,https://m.media-amazon.com/images/I/81CtY20l4sL._AC_UL640_QL65_.jpg,2024-12-24T23:12:15.372909,2024-12-24
N/A,$495.00,12,N/A,https://m.media-amazon.com/images/I/711-b9kxt5L._AC_UY218_.jpg,2024-12-24T23:12:21.741244,2024-12-24
N/A,$269.99,84,N/A,https://m.media-amazon.com/images/I/7158qwPSx1L._AC_UY218_.jpg,2024-12-24T23:12:21.749242,2024-12-24
N/A,$59.99,120,N/A,https://m.media-amazon.com/images/I/71jpWL84SUL._AC_UY218_.jpg,2024-12-24T23:12:21.760244,2024-12-24
N/A,$249.99,"1,368",N/A,https://m.media-amazon.com/images/I/71u2pMt9diL._AC_UY218_.jpg,2024-12-24T23:12:21.773242,2024-12-24
N/A,$45.99,"12,911",N/A,https://m.media-amazon.com/images/I/618klqnYCGL._AC_UY218_.jpg,2024-12-24T23:12:21.778279,2024-12-24
N/A,$399.00,35,N/A,https://m.media-amazon.com/images/I/71LgV+DgVlL._AC_UL320_.jpg,2024-12-24T23:12:21.796242,2024-12-24
N/A,$399.00,35,N/A,https://m.media-amazon.com/images/I/71LgV+DgVlL._AC_UL320_.jpg,2024-12-24T23:12:21.802245,2024-12-24
N/A,$339.99,95,N/A,https://m.media-amazon.com/images/I/81PhCYl0p3L._AC_UL320_.jpg,2024-12-24T23:12:21.807244,2024-12-24
N/A,$199.99,128,N/A,https://m.media-amazon.com/images/I/810iVJ1G5aL._AC_UL320_.jpg,2024-12-24T23:12:21.813244,2024-12-24
N/A,"$1,999.00",112,N/A,https://m.media-amazon.com/images/I/71gU9BMO08L._AC_UL320_.jpg,2024-12-24T23:12:21.817243,2024-12-24
N/A,$299.99,209,N/A,https://m.media-amazon.com/images/I/81459O-qvkL._AC_UL320_.jpg,2024-12-24T23:12:21.821241,2024-12-24
N/A,$159.99,229,N/A,https://m.media-amazon.com/images/I/71rkQLdATdL._AC_UL640_QL65_.jpg,2024-12-24T23:12:21.827243,2024-12-24
N/A,$99.99,237,N/A,https://m.media-amazon.com/images/I/71V5Hupx+9L._AC_UY218_.jpg,2024-12-24T23:12:21.832242,2024-12-24
N/A,$129.99,241,N/A,https://m.media-amazon.com/images/I/81VEz0o6uuL._AC_UY218_.jpg,2024-12-24T23:12:21.836240,2024-12-24
N/A,$49.99,35,N/A,https://m.media-amazon.com/images/I/518Srnc82ZL._AC_UY218_.jpg,2024-12-24T23:12:21.840274,2024-12-24
N/A,$64.99,20,N/A,https://m.media-amazon.com/images/I/716sN+XiLSL._AC_UY218_.jpg,2024-12-24T23:12:21.843275,2024-12-24
N/A,$59.99,35,N/A,https://m.media-amazon.com/images/I/51qyLNRqjeL._AC_UY218_.jpg,2024-12-24T23:12:21.847281,2024-12-24
N/A,"$2,988.00",5,N/A,https://m.media-amazon.com/images/I/61jdF3tVmIL._AC_UY218_.jpg,2024-12-24T23:12:21.856274,2024-12-24
N/A,$339.99,95,N/A,https://m.media-amazon.com/images/I/81PhCYl0p3L._AC_UY218_.jpg,2024-12-24T23:12:21.862244,2024-12-24
N/A,$80.99,35,N/A,https://m.media-amazon.com/images/I/71F2VresgwL._AC_UY218_.jpg,2024-12-24T23:12:21.867245,2024-12-24
N/A,$89.99,"5,534",N/A,https://m.media-amazon.com/images/I/61oNl1xx5+L._AC_UY218_.jpg,2024-12-24T23:12:21.872244,2024-12-24
N/A,$89.99,361,N/A,https://m.media-amazon.com/images/I/81P0LOcAHJL._AC_UY218_.jpg,2024-12-24T23:12:21.877244,2024-12-24
N/A,$199.99,305,N/A,https://m.media-amazon.com/images/I/61boCiZMMML._AC_UY218_.jpg,2024-12-24T23:12:21.881241,2024-12-24
N/A,$119.78,50,N/A,https://m.media-amazon.com/images/I/81jfc1AliML._AC_UY218_.jpg,2024-12-24T23:12:21.886240,2024-12-24
N/A,$89.99,173,N/A,https://m.media-amazon.com/images/I/71rQ72BvviL._AC_UY218_.jpg,2024-12-24T23:12:21.890240,2024-12-24
N/A,$99.99,"1,549",N/A,https://m.media-amazon.com/images/I/71MSxGAKViL._AC_UY218_.jpg,2024-12-24T23:12:21.893240,2024-12-24
N/A,$139.99,837,N/A,https://m.media-amazon.com/images/I/81VX-vrikRL._AC_UY218_.jpg,2024-12-24T23:12:21.898240,2024-12-24
N/A,$69.99,35,N/A,https://m.media-amazon.com/images/I/71ggMu2oe9L._AC_UY218_.jpg,2024-12-24T23:12:21.904240,2024-12-24
N/A,$399.00,35,N/A,https://m.media-amazon.com/images/I/71LgV+DgVlL._AC_UY218_.jpg,2024-12-24T23:12:21.909240,2024-12-24
N/A,$299.99,28,N/A,https://m.media-amazon.com/images/I/81CtY20l4sL._AC_UL640_QL65_.jpg,2024-12-24T23:12:21.917272,2024-12-24
